Workbook

Sheet Sheet1
A1: Sales gas from battery limit | B1: 60FR001.RAW | C1: 60FQI001 | D1: 60FQI001 | E1: T/Day | F1: 1059.5 | G1: =SUM(H1:AL1) -> 715.80968 | H1: =VLOOKUP($B1,'DCS Data'!$E$2:$AJ$100,MATCH('Daily Report'!I$1,'DCS Data'!$E$2:$AJ$2,0),0) -> 715.80968
A2: Sales gas to feed | B2: 60FR005.RAW | C2: 60FQI005 | D2: 60FQI005 | E2: T/Day | F2: 651.6 | G2: =SUM(H2:AL2) -> 506.45477 | H2: =VLOOKUP($B2,'DCS Data'!$E$2:$AJ$100,MATCH('Daily Report'!I$1,'DCS Data'!$E$2:$AJ$2,0),0) -> 506.45477
A3: Feed to Mix point | B3: 60FR009.PV | C3: 60FQI009 | D3: 60FQI009 | E3: T/Day | F3: =F2+F53 -> 655.1 | G3: =SUM(H3:AL3) -> 475.72454 | H3: =VLOOKUP($B3,'DCS Data'!$E$2:$AJ$100,MATCH('Daily Report'!I$1,'DCS Data'!$E$2:$AJ$2,0),0) -> 475.72454
A4: Sales gas to fuel | B4: 60FR049.RAW | C4: 60FQI049 | D4: 60FQI049 | E4: T/Day | F4: 407.9 | G4: =SUM(H4:AL4) -> 296.67809 | H4: =VLOOKUP($B4,'DCS Data'!$E$2:$AJ$100,MATCH('Daily Report'!I$1,'DCS Data'!$E$2:$AJ$2,0),0) -> 296.67809
A5: Sales gas to fuel | B5: 60FR053.PV | C5: 60FQI053 | D5: 60FQI053 | E5: T/Day | F5: 407.9 | G5: =SUM(H5:AL5) -> 326.39421 | H5: =VLOOKUP($B5,'DCS Data'!$E$2:$AJ$100,MATCH('Daily Report'!I$1,'DCS Data'!$E$2:$AJ$2,0),0) -> 326.39421
A6: Sales Gas Average M.Wt | E6: T/Tmole | F6: 17.44 | G6: =AVERAGE(H6:AL6) -> 0.054195789 | H6: =Analysis!J8 -> 0.054195789
A7: HHV | B7: 927QR119.PV | C7: 927QR119 | D7: avg_hhv | E7: btu/scf | F7: 939.07 | G7: =AVERAGE(H7:AL7) -> 958.39106 | H7: =VLOOKUP($B7,'DCS Data'!$E$2:$AJ$100,MATCH('Daily Report'!I$1,'DCS Data'!$E$2:$AJ$2,0),0) -> 958.39106
E8: btu/nm3 | F8: =F7*38.0440529671749 -> 35726.029 | G8: =AVERAGE(H8:AL8) -> 36461.08 | H8: =H7*38.0440529671749 -> 36461.08
A9: Heating value from ARAMCO Metering HHV | E9: btu/nm3 | G9: =AVERAGE(H9:AL9) -> 35799.454 | H9: =H10*38.0440529671749 -> 35799.454
A10: Heating value from ARAMCO Metering HHV | E10: btu/SCF | G10: 941 | H10: =$G$14 -> 941
A11: SELECTED HHV | E11: btu/nm3 | G11: =AVERAGE(H11:AL11) -> 35799.454 | H11: =H9 -> 35799.454
A12: Sales gas Feed Enegy rate | E12: MMBTU/Day | G12: =SUM(H12:AL12) -> 717033.45 | H12: =H11*((H3-H53)*1000/(H6/22.414))/1000000 -> 22007.304
A13: Sales gas Fuel Enegy rate | E13: MMBTU/Day | G13: =SUM(H13:AL13) -> 472230.67 | H13: =H11*(H4*1000/(H6/22.414))/1000000 -> 13826.223
A14: Total Sales gas Enegy rate (AF SalesGas) | E14: MMBTU/Day | G14: =SUM(H14:AL14) -> 1189264.1 | H14: =H13+H12 -> 35833.527
A15: Fresh Gas from sulfinol absorber | B15: 60FR038.RAW | C15: 60FQI038 | D15: 60FQI038 | E15: T/Day | F15: 413.17 | G15: =SUM(H15:AL15) -> 304.7117 | H15: =VLOOKUP($B15,'DCS Data'!$E$2:$AJ$100,MATCH('Daily Report'!I$1,'DCS Data'!$E$2:$AJ$2,0),0) -> 304.7117
A16: Fresh gas to flare (Flare Payment) XOH | B16: 60FR045.RAW | C16: 60FQI045 | D16: 60FQI045 | E16: T/Day | F16: 0 | G16: =SUM(H16:AL16) -> 16.076682 | H16: =VLOOKUP($B16,'DCS Data'!$E$2:$AJ$100,MATCH('Daily Report'!I$1,'DCS Data'!$E$2:$AJ$2,0),0) -> 16.076682
A17: Fresh gas to fuel header | B17: 60FR046.PV | C17: 60FQI046 | D17: 60FQI046 | E17: T/Day | F17: 0 | G17: =SUM(H17:AL17) -> 5.5759268 | H17: =VLOOKUP($B17,'DCS Data'!$E$2:$AJ$100,MATCH('Daily Report'!I$1,'DCS Data'!$E$2:$AJ$2,0),0) -> 5.5759268
A18: Fresh gas to reformer fuel | B18: 60FR050.PV | C18: 60FQI050 | D18: 60FQI050 | E18: T/Day | F18: 0 | G18: =SUM(H18:AL18) -> 0 | H18: =VLOOKUP($B18,'DCS Data'!$E$2:$AJ$100,MATCH('Daily Report'!I$1,'DCS Data'!$E$2:$AJ$2,0),0) -> 0
A19: PSA inlet flow | B19: 61FICA008.PV | C19: 61FQI008 | D19: 61FQI008 | E19: T/Day | F19: 432.1 | G19: =SUM(H19:AL19) -> 0.049699328 | H19: =VLOOKUP($B19,'DCS Data'!$E$2:$AJ$100,MATCH('Daily Report'!I$1,'DCS Data'!$E$2:$AJ$2,0),0) -> 0.049699328
A20: SIPCHEM Import Hydrogen | B20: 170FIA220.PV | C20: 170FQQI220 | D20: 170FQQI220 | E20: T/Day | G20: =SUM(H20:AL20) -> 50.003629 | H20: =VLOOKUP($B20,'DCS Data'!$E$2:$AJ$100,MATCH('Daily Report'!I$1,'DCS Data'!$E$2:$AJ$2,0),0) -> 50.003629
B21: 170FI101.PV | C21: 170FQI101 | D21: 170FQI101 | E21: T/Day | G21: =SUM(H21:AL21) -> 42.514937 | H21: =VLOOKUP($B21,'DCS Data'!$E$2:$AJ$100,MATCH('Daily Report'!I$1,'DCS Data'!$E$2:$AJ$2,0),0) -> 42.514937
A22: Segment#3 H2 | B22: 170FIC121.PV | C22: 170FQI121 | D22: 170FQI121 | E22: T/Day | G22: =SUM(H22:AL22) -> 0 | H22: =VLOOKUP($B22,'DCS Data'!$E$2:$AJ$100,MATCH('Daily Report'!I$1,'DCS Data'!$E$2:$AJ$2,0),0) -> 0
B23: Net SIPCHEM Import | E23: T/Day | G23: =SUM(H23:AL23) -> 7.4886921 | H23: =MAX(H20-H21,H22) -> 7.4886921
A24: HMU H2 outlet | B24: 30FR026.PV | C24: 30FQI026 | D24: 30FQI026 | E24: T/Day | F24: 220 | G24: =SUM(H24:AL24) -> 274.82855 | H24: =VLOOKUP($B24,'DCS Data'!$E$2:$AJ$100,MATCH('Daily Report'!I$1,'DCS Data'!$E$2:$AJ$2,0),0) -> 274.82855
A25: HMU H2 outlet Pressure | B25: 30PR026.PV | C25: 30PR026AI | D25: avg_hmu_h2_outlet_pressure | E25: bar g | G25: =AVERAGE(H25:AL25) -> 14.791534 | H25: =VLOOKUP($B25,'DCS Data'!$E$2:$AJ$100,MATCH('Daily Report'!I$1,'DCS Data'!$E$2:$AJ$2,0),0) -> 14.791534
A26: HMU H2 outlet Temperature | B26: 30TI-316.PV | C26: 30TI-316 | D26: avg_hmu_h2_outlet_temprature | E26: 0C | G26: =AVERAGE(H26:AL26) -> 45.833715 | H26: =VLOOKUP($B26,'DCS Data'!$E$2:$AJ$100,MATCH('Daily Report'!I$1,'DCS Data'!$E$2:$AJ$2,0),0) -> 45.833715
B27: 30-FR-026.COR | E27: T/Day | G27: =SUM(H27:AL27) -> 273.82076 | H27: =(H24*(((57+273)/(H26+273))*(2.6/Analysis!J56)*((H25+1.01325)/(14.6+1.01325)))^0.5)*(Analysis!J56/2.6)-H23 -> 273.82076
A28: PSA outlet | B28: 61FI902.PV | C28: 61FQI902 | D28: avg_psa_outlet | E28: Nm3/hr | F28: 100683.34 | G28: =SUM(H28:AL28) -> 0 | H28: =VLOOKUP($B28,'DCS Data'!$E$2:$AJ$100,MATCH('Daily Report'!I$1,'DCS Data'!$E$2:$AJ$2,0),0) -> 0
E29: T/Day | F29: 220 | G29: =SUM(H29:AL29) -> 0 | H29: =H28*2.01568*24/(22.414*1000) -> 0
B30: 61TIA006.PV | C30: 61TIA006 | D30: 61TIA006 | E30: 0C | F30: 50 | G30: =AVERAGE(H30:AL30) -> 35.699533 | H30: =VLOOKUP($B30,'DCS Data'!$E$2:$AJ$100,MATCH('Daily Report'!I$1,'DCS Data'!$E$2:$AJ$2,0),0) -> 35.699533
B31: 61PICA005.PV | C31: 61PICA005-AI | D31: 61PICA005-AI | E31: barg | F31: 14.1 | G31: =AVERAGE(H31:AL31) -> 14.922634 | H31: =VLOOKUP($B31,'DCS Data'!$E$2:$AJ$100,MATCH('Daily Report'!I$1,'DCS Data'!$E$2:$AJ$2,0),0) -> 14.922634
A32: PSA Bypass flow | B32: 30FR026 - HPSA - Sipchem | E32: T/Day | F32: 50 | G32: =SUM(H32:AL32) -> 266.33207 | H32: =H27-H29-H23 -> 266.33207
B33: 60FR038 - FR45 - FR46 - 61FT008 | E33: T/Day | F33: 50 | G33: =SUM(H33:AL33) -> 283.0094 | H33: =H15-H16-H17-H19 -> 283.0094
A34: Tail gas flow | B34: 61FIA001.PV | C34: 61FQI001 | D34: 61FQI001 | E34: T/Day | F34: 197 | G34: =SUM(H34:AL34) -> 3.0871786 | H34: =VLOOKUP($B34,'DCS Data'!$E$2:$AJ$100,MATCH('Daily Report'!I$1,'DCS Data'!$E$2:$AJ$2,0),0) -> 3.0871786
E35: Nm3/hr | G35: =SUM(H35:AL35) -> 230.6534 | H35: =(H34/24*1000*22.414)/Analysis!J40 -> 230.6534
A36: CCR H2 Flow | E36: Nm3/hr | G36: =SUM(H36:AL36) -> 30276.742 | H36: =(H37/24*1000*22.414)/Analysis!J67 -> 30276.742
A37: CCR Flow (CCRNm) | B37: 170FI001.PV | C37: 170FQI001 | D37: 170FQI001 | E37: T/Day | F37: 150 | G37: =SUM(H37:AL37) -> 110.22495 | H37: =VLOOKUP($B37,'DCS Data'!$E$2:$AJ$100,MATCH('Daily Report'!I$1,'DCS Data'!$E$2:$AJ$2,0),0) -> 110.22495
A38: CCRNHm | E38: T/Day | G38: =SUM(H38:AL38) -> 0 | H38: =(H37/Analysis!J67)*(Analysis!J57/100)*2.015 -> 0
A39: GRHm | E39: T/Day | G39: =SUM(H39:AL39) -> 0 | H39: =(H38*0.856) -> 0
A40: HCU Hydrogen MBU feed | B40: 170FI133.PV | C40: 170FQI133 | D40: 170FQI133 | E40: T/Day | F40: 80 | G40: =SUM(H40:AL40) -> 24.477501 | H40: =VLOOKUP($B40,'DCS Data'!$E$2:$AJ$100,MATCH('Daily Report'!I$1,'DCS Data'!$E$2:$AJ$2,0),0) -> 24.477501
E41: Nm3/h | G41: =SUM(H41:AL41) -> 8792.2869 | H41: =H40/24*1000*22.414/Analysis!J34 -> 8792.2869
A42: Total feed to MBU | B42: 170FICA174.PV | C42: 170FQI174 | D42: avg_total_feed_to_mbu | E42: Nm3/hr | F42: 46726 | G42: =SUM(H42:AL42) -> 24821.648 | H42: =VLOOKUP($B42,'DCS Data'!$E$2:$AJ$100,MATCH('Daily Report'!I$1,'DCS Data'!$E$2:$AJ$2,0),0) -> 24821.648
A43: Residue gas flow from MBU | B43: 170X124.PV | C43: 170X124 | D43: avg_residue_gas_flow_from_mbu | E43: Nm3/hr | F43: 10653 | G43: =SUM(H43:AL43) -> 4285.6784 | H43: =VLOOKUP($B43,'DCS Data'!$E$2:$AJ$100,MATCH('Daily Report'!I$1,'DCS Data'!$E$2:$AJ$2,0),0) -> 4285.6784
B44: 170X125.PV | C44: 170X125 | D44: avg_170x125 | E44: Nm3/hr | F44: 10653 | G44: =SUM(H44:AL44) -> 4276.2713 | H44: =VLOOKUP($B44,'DCS Data'!$E$2:$AJ$100,MATCH('Daily Report'!I$1,'DCS Data'!$E$2:$AJ$2,0),0) -> 4276.2713
A45: Average Residue gas flow from MBU | B45: 170FIA175.PV | C45: 170FQI175 | D45: avg_average_residue_gas_flow_from_mbu | E45: Nm3/hr | F45: =AVERAGE(F43:F44) -> 10653 | G45: =SUM(H45:AL45) -> 4280.8489 | H45: =VLOOKUP($B45,'DCS Data'!$E$2:$AJ$100,MATCH('Daily Report'!I$1,'DCS Data'!$E$2:$AJ$2,0),0) -> 4280.8489
A46: Residue gas Pressure | B46: 170PEA329.PV | C46: 170PEA329 | D46: avg_residue_gas_pressure | E46: barg | G46: =AVERAGE(H46:AL46) -> 33.323315 | H46: =VLOOKUP($B46,'DCS Data'!$E$2:$AJ$100,MATCH('Daily Report'!I$1,'DCS Data'!$E$2:$AJ$2,0),0) -> 33.323315
A47: MBU Feed Pressure | B47: 170PEA469.PV | C47: 170PEA469 | D47: avg_mbu_feed_pressure | E47: barg | F47: 38 | G47: =AVERAGE(H47:AL47) -> 33.749769 | H47: =VLOOKUP($B47,'DCS Data'!$E$2:$AJ$100,MATCH('Daily Report'!I$1,'DCS Data'!$E$2:$AJ$2,0),0) -> 33.749769
A48: MBURGm | E48: T/Day | G48: =SUM(H48:AL48) -> 22.944651 | H48: =H43*24*(Analysis!J96/22.414)/1000 -> 22.944651
A49: MBURGHm | E49: T/Day | G49: =SUM(H49:AL49) -> 0 | H49: =(H48/Analysis!J96)*(Analysis!J86/100)*2.015 -> 0
A50: MBU Fresh gas flow (MBUPm) | E50: T/Day | G50: =SUM(H50:AL50) -> 0 | H50: =(H42-H43)*24*(Analysis!J85/22.414)/1000 -> 0
A51: MBUPHm | E51: T/Day | G51: =SUM(H51:AL51) -> #DIV/0! | H51: =(H50/Analysis!J85)*(Analysis!J79/100)*2.015 -> #DIV/0!
A52: FuelConm | E52: T/Day | G52: =SUM(H52:AL52) -> 4.5900546 | H52: =(H43*(Analysis!J96/22.414)*24*(1-(H37/(H34+H37+H40))))/1000 -> 4.5900546
A53: Recycle Hydrogen | B53: 60FR006.PV | C53: 60FQI006 | D53: 60FQI006 | E53: T/Day | F53: 3.5 | G53: =SUM(H53:AL53) -> 3.4997912 | H53: =VLOOKUP($B53,'DCS Data'!$E$2:$AJ$100,MATCH('Daily Report'!I$1,'DCS Data'!$E$2:$AJ$2,0),0) -> 3.4997912
A54: H2 Wt% in recyle hydrogen | E54: % | G54: =AVERAGE(H54:AL54) -> 77.5 | H54: =(((H29/Analysis!J46)*2.015*(Analysis!J41/100)+((H32/Analysis!J34)*2.015))/(H29+H32)*100) -> 77.5
A55: Pure H2 Product | E55: T/Day | G55: =SUM(H55:AL55) -> 5.1241437 | H55: =(H29)+((H43*24*(Analysis!J86/100)*2.015)/(1000*22.414))+((H42-H43)*24*2.015*(Analysis!J79/100)/(1000*22.414))-((H37/Analysis!J67)*(Analysis!J57/100)*2.015*0.8357)+((H32/Analysis!J34)*(Analysis!J29/100)*2.015)-(H53*H54/100) -> 5.1241437
A56: Pure H2 Product without residue gas (NOH) | E56: T/Day | G56: =SUM(H56:AL56) -> 5.1241437 | H56: =((H29)+((0*24*(Analysis!J86/100)*2.015)/(1000*22.414))+((H42-H43)*24*2.015*(Analysis!J79/100)/(1000*22.414))-((H37/Analysis!J67)*(Analysis!J57/100)*2.015*0.8357)+((H32/Analysis!J34)*(Analysis!J29/100)*2.015)-(H53*H54/100)) -> 5.1241437
A57: PSA Recovery | G57: =AVERAGE(H57:AL57) -> 0 | H57: =((H29*(Analysis!J41/100))/((H19/Analysis!J34)*(Analysis!J29/100)*2.015))*100 -> 0
A58: MBU Recovery (AHRFm) | F58: CCR + Tail gas CCR + HMU | G58: =AVERAGE(H58:AL58) -> 230.59517 | H58: =((H42-H43)*(Analysis!J79/100))/(H42*Analysis!J68/100)*100 -> 230.59517
A59: Import Hydrogen from ALAR | B59: 170STR2CMAS.PV | C59: 170FQISTR2CMAS | D59: 170FQISTR2CMAS | E59: T/Day | G59: =SUM(H59:AL59) -> 8.0266814 | H59: =VLOOKUP($B59,'DCS Data'!$E$2:$AJ$100,MATCH('Daily Report'!I$1,'DCS Data'!$E$2:$AJ$2,0),0) -> 8.0266814
A60: SMR Inlet Temperature | B60: 60TR027.PV | C60: 60TR027 | D60: avg_smr_inlet_temperature | E60: 0C | F60: 470 | G60: =AVERAGE(H60:AL60) -> 449.22198 | H60: =VLOOKUP($B60,'DCS Data'!$E$2:$AJ$100,MATCH('Daily Report'!I$1,'DCS Data'!$E$2:$AJ$2,0),0) -> 449.22198
A61: SMR Outlet Temperature | B61: 60TR028.PV | C61: 60TR028-AI | D61: avg_smr_outlet_temperature | E61: 0C | F61: 835 | G61: =AVERAGE(H61:AL61) -> 798.54952 | H61: =VLOOKUP($B61,'DCS Data'!$E$2:$AJ$100,MATCH('Daily Report'!I$1,'DCS Data'!$E$2:$AJ$2,0),0) -> 798.54952
A62: Combustion Air Flow | B62: 60FR054.PV | C62: 60FQI054 | D62: 60FQI054 | E62: T/Day | F62: 7360.4 | G62: =SUM(H62:AL62) -> 4731.0128 | H62: =VLOOKUP($B62,'DCS Data'!$E$2:$AJ$100,MATCH('Daily Report'!I$1,'DCS Data'!$E$2:$AJ$2,0),0) -> 4731.0128
A63: HTS Inlet Temperature | B63: 60TR035.PV | C63: 60TR035AI | D63: avg_hts_inlet_temperature | E63: 0C | F63: 340 | G63: =AVERAGE(H63:AL63) -> 325.71572 | H63: =VLOOKUP($B63,'DCS Data'!$E$2:$AJ$100,MATCH('Daily Report'!I$1,'DCS Data'!$E$2:$AJ$2,0),0) -> 325.71572
B64: 60TR036.PV | C64: 60TR036 | D64: avg_60tr036 | E64: 0C | F64: 384 | G64: =AVERAGE(H64:AL64) -> 368.50433 | H64: =VLOOKUP($B64,'DCS Data'!$E$2:$AJ$100,MATCH('Daily Report'!I$1,'DCS Data'!$E$2:$AJ$2,0),0) -> 368.50433
B65: 60TR038.PV | C65: 60TR038-AI | D65: avg_60tr038_ai | E65: 0C | G65: =AVERAGE(H65:AL65) -> 200.08186 | H65: =VLOOKUP($B65,'DCS Data'!$E$2:$AJ$100,MATCH('Daily Report'!I$1,'DCS Data'!$E$2:$AJ$2,0),0) -> 200.08186
B66: 60TR040.PV | C66: 60TR040 | D66: avg_60tr040 | E66: 0C | F66: 207 | G66: =AVERAGE(H66:AL66) -> 206.09759 | H66: =VLOOKUP($B66,'DCS Data'!$E$2:$AJ$100,MATCH('Daily Report'!I$1,'DCS Data'!$E$2:$AJ$2,0),0) -> 206.09759
A67: Methanator Inlet Temperature | B67: 60TR048.PV | C67: 60TR048-AI | D67: avg_methanator_inlet_temperature | E67: 0C | F67: 320 | G67: =AVERAGE(H67:AL67) -> 295.2471 | H67: =VLOOKUP($B67,'DCS Data'!$E$2:$AJ$100,MATCH('Daily Report'!I$1,'DCS Data'!$E$2:$AJ$2,0),0) -> 295.2471
A68: Methanator Outlet Temperature | B68: 60TI-261.PV | C68: 60TI-261 | D68: avg_methanator_outlet_temperature | E68: 0C | F68: 343 | G68: =AVERAGE(H68:AL68) -> 304.58877 | H68: =VLOOKUP($B68,'DCS Data'!$E$2:$AJ$100,MATCH('Daily Report'!I$1,'DCS Data'!$E$2:$AJ$2,0),0) -> 304.58877
A69: Tail gas temperature | B69: 61TIA045.PV | C69: 61TIA045 | D69: avg_tail_gas_temperature | E69: 0C | F69: 45 | G69: =AVERAGE(H69:AL69) -> 34.601791 | H69: =VLOOKUP($B69,'DCS Data'!$E$2:$AJ$100,MATCH('Daily Report'!I$1,'DCS Data'!$E$2:$AJ$2,0),0) -> 34.601791
A70: Tail gas pressure | B70: 61PICA065.PV | C70: 61PICA065-AI | D70: avg_tail_gas_pressure | E70: barg | F70: 45 | G70: =AVERAGE(H70:AL70) -> 7.0383621 | H70: =VLOOKUP($B70,'DCS Data'!$E$2:$AJ$100,MATCH('Daily Report'!I$1,'DCS Data'!$E$2:$AJ$2,0),0) -> 7.0383621
A71: Fresh gas temperature | B71: 170TIA440.PV | C71: 170TIA440 | D71: avg_fresh_gas_temperature | E71: 0C | F71: 60 | G71: =AVERAGE(H71:AL71) -> 48.885304 | H71: =VLOOKUP($B71,'DCS Data'!$E$2:$AJ$100,MATCH('Daily Report'!I$1,'DCS Data'!$E$2:$AJ$2,0),0) -> 48.885304
A72: Fresh gas pressure | B72: 170PICA403.PV | C72: 170PICA403-AI | D72: avg_fresh_gas_pressure | E72: barg | F72: 14 | G72: =AVERAGE(H72:AL72) -> 14.808551 | H72: =VLOOKUP($B72,'DCS Data'!$E$2:$AJ$100,MATCH('Daily Report'!I$1,'DCS Data'!$E$2:$AJ$2,0),0) -> 14.808551
A73: HHV calorific value of the MBU Residue Gas Stream | E73: btu/nm3 | G73: =AVERAGE(H73:AL73) -> 63559.179 | H73: =(Analysis!J87*0/100)+(Analysis!J90*35809.84/100)+(Analysis!J89*0/100)+(Analysis!J91*63159.33/100)+(Analysis!J92*90661.02/100)+(Analysis!J93*119622.3/100)+(Analysis!J94*151389.3/100)+(Analysis!J86*11470.75/100)+(11341.61*Analysis!J81/100)+(Analysis!J95*184326.3/100) -> 63559.179
A74: LHV | E74: btu/nm3 | G74: =AVERAGE(H74:AL74) -> 53757.733 | H74: =(Analysis!J87*0/100)+(Analysis!J90*32240.97/100)+(Analysis!J89*0/100)+(Analysis!J91*57767.83/100)+(Analysis!J92*83403.49/100)+(Analysis!J93*110399.5/100)+(Analysis!J94*139978/100)+(Analysis!J86*9689.76/100)+(11341.61*Analysis!J88/100) -> 53757.733
A75: SELECTED HHV | E75: btu/nm3 | G75: =AVERAGE(H75:AL75) -> 63559.179 | H75: =H73 -> 63559.179
A76: Residue gas temperature | B76: 170TIA431.PV | C76: 170TIA431 | D76: avg_residue_gas_temperature | E76: 0C | F76: 90 | G76: =AVERAGE(H76:AL76) -> 95.089753 | H76: =VLOOKUP($B76,'DCS Data'!$E$2:$AJ$100,MATCH('Daily Report'!I$1,'DCS Data'!$E$2:$AJ$2,0),0) -> 95.089753
A77: Residue gas pressure | B77: 170PIC329.PV | C77: 170PIC329 | D77: avg_residue_gas_pressure | E77: barg | F77: 36.1 | G77: =AVERAGE(H77:AL77) -> 33.3233 | H77: =VLOOKUP($B77,'DCS Data'!$E$2:$AJ$100,MATCH('Daily Report'!I$1,'DCS Data'!$E$2:$AJ$2,0),0) -> 33.3233
A78: CO2 FLOW TO COMP K-6006 | B78: 60FI422.PV | C78: 60FQI422 | D78: 60FQI422 | E78: T/Day | F78: 1400 | G78: =SUM(H78:AL78) -> 845.24261 | H78: =VLOOKUP($B78,'DCS Data'!$E$2:$AJ$100,MATCH('Daily Report'!I$1,'DCS Data'!$E$2:$AJ$2,0),0) -> 845.24261
A79: CO2 Export | B79: 60FIA448.PV | C79: 60FQQI448 | D79: 60FQQI448 | E79: T/Day | F79: 1400 | G79: =SUM(H79:AL79) -> 356.5864 | H79: =VLOOKUP($B79,'DCS Data'!$E$2:$AJ$100,MATCH('Daily Report'!I$1,'DCS Data'!$E$2:$AJ$2,0),0) -> 356.5864
A80: CO2 Export | B80: 60FIA451.PV | C80: 60FQQI451 | D80: 60FQQI451 | E80: T/Day | F80: 1400 | G80: =SUM(H80:AL80) -> 357.32273 | H80: =VLOOKUP($B80,'DCS Data'!$E$2:$AJ$100,MATCH('Daily Report'!I$1,'DCS Data'!$E$2:$AJ$2,0),0) -> 357.32273
A81: Outlet Pressure | B81: 60PIC479.PV | C81: 60PIC479-AI | D81: avg_outlet_pressure | E81: Barg | G81: =AVERAGE(H81:AL81) -> 34.616573 | H81: =VLOOKUP($B81,'DCS Data'!$E$2:$AJ$100,MATCH('Daily Report'!I$1,'DCS Data'!$E$2:$AJ$2,0),0) -> 34.616573
A82: HP steam export(NOS) | B82: 60FR020.PV | C82: 60FQI020 | D82: 60FQI020 | E82: T/Day | F82: 725.5 | G82: =SUM(H82:AL82) -> 406.52981 | H82: =VLOOKUP($B82,'DCS Data'!$E$2:$AJ$100,MATCH('Daily Report'!I$1,'DCS Data'!$E$2:$AJ$2,0),0) -> 406.52981
B83: 60PR024.PV | C83: 60PR024-AI | D83: 60PR024-AI | E83: Bar g | F83: 40 | G83: =AVERAGE(H83:AL83) -> 46.007677 | H83: =VLOOKUP($B83,'DCS Data'!$E$2:$AJ$100,MATCH('Daily Report'!I$1,'DCS Data'!$E$2:$AJ$2,0),0) -> 46.007677
B84: 60TR025.PV | C84: 60TR025-AI | D84: 60TR025-AI | E84: 0C | F84: 460 | G84: =AVERAGE(H84:AL84) -> 465.50743 | H84: =VLOOKUP($B84,'DCS Data'!$E$2:$AJ$100,MATCH('Daily Report'!I$1,'DCS Data'!$E$2:$AJ$2,0),0) -> 465.50743
A85: HP steam to SMR | B85: 60FR011.PV | C85: 60FQI011 | D85: 60FQI011 | E85: T/Day | F85: 3736 | G85: =SUM(H85:AL85) -> 3089.7898 | H85: =VLOOKUP($B85,'DCS Data'!$E$2:$AJ$100,MATCH('Daily Report'!I$1,'DCS Data'!$E$2:$AJ$2,0),0) -> 3089.7898
A86: Saturated HP steam from drum | B86: 60FR022.PV | C86: 60FQI022 | D86: 60FQI022 | E86: T/Day | F86: 4289 | G86: =SUM(H86:AL86) -> 3518.4908 | H86: =VLOOKUP($B86,'DCS Data'!$E$2:$AJ$100,MATCH('Daily Report'!I$1,'DCS Data'!$E$2:$AJ$2,0),0) -> 3518.4908
A87: HP Steam - imports to Plant VLV OP% | B87: 60H-046.MV | C87: 60H-046.MV | D87: avg_hp_steam_imports_to_plant_vlv_op | E87: % | F87: 0 | G87: =AVERAGE(H87:AL87) -> 0 | H87: =VLOOKUP($B87,'DCS Data'!$E$2:$AJ$100,MATCH('Daily Report'!I$1,'DCS Data'!$E$2:$AJ$2,0),0) -> 0
A88: Steam to BLK 2B | B88: 900FRS005.PV | C88: 900FRS005.PV | D88: avg_steam_to_blk_2b | E88: % | F88: 1 | G88: =AVERAGE(H88:AL88) -> #N/A | H88: =VLOOKUP($B88,'DCS Data'!$E$2:$AJ$100,MATCH('Daily Report'!I$1,'DCS Data'!$E$2:$AJ$2,0),0) -> #N/A
A89: HP Steam - Inflow to Plant | E89: T/Day
A90: LPS to Condensate stripper | B90: 60FR075.PV | C90: 60FQI075 | D90: 60FQI075 | E90: T/Day | F90: 301.1 | G90: =SUM(H90:AL90) -> 324.16677 | H90: =VLOOKUP($B90,'DCS Data'!$E$2:$AJ$100,MATCH('Daily Report'!I$1,'DCS Data'!$E$2:$AJ$2,0),0) -> 324.16677
A91: LPS to fuel gas heater | B91: 60FR051.PV | C91: 60FQI051 | D91: 60FQI051 | E91: T/Day | F91: 15 | G91: =SUM(H91:AL91) -> 11.143606 | H91: =VLOOKUP($B91,'DCS Data'!$E$2:$AJ$100,MATCH('Daily Report'!I$1,'DCS Data'!$E$2:$AJ$2,0),0) -> 11.143606
A92: Total LP steam | E92: T/Day | F92: =F90+F91 -> 316.1 | G92: =SUM(H92:AL92) -> 335.31037 | H92: =H90+H91 -> 335.31037
A93: MP Steam | B93: New Meter Required | C93: New Meter Required | E93: T/Day | G93: =SUM(H93:AL93) -> #N/A | H93: =VLOOKUP($B93,'DCS Data'!$E$2:$AJ$100,MATCH('Daily Report'!I$1,'DCS Data'!$E$2:$AJ$2,0),0) -> #N/A
A94: BFW to Steam drum | B94: 60FR021.PV | C94: 60FQI021 | D94: 60FQI021 | E94: T/Day | F94: 4417.6 | G94: =SUM(H94:AL94) -> 3389.8588 | H94: =VLOOKUP($B94,'DCS Data'!$E$2:$AJ$100,MATCH('Daily Report'!I$1,'DCS Data'!$E$2:$AJ$2,0),0) -> 3389.8588
A95: HBFW to attemperator J-6001 | B95: 60FR017.PV | C95: 60FQI017 | D95: 60FQI017 | E95: T/Day | F95: 0 | G95: =SUM(H95:AL95) -> 44.827315 | H95: =VLOOKUP($B95,'DCS Data'!$E$2:$AJ$100,MATCH('Daily Report'!I$1,'DCS Data'!$E$2:$AJ$2,0),0) -> 44.827315
A96: HBFW to attemperator J-6002 | B96: 60FR018.PV | C96: 60FQI018 | D96: 60FQI018 | E96: T/Day | F96: 150 | G96: =SUM(H96:AL96) -> 64.435585 | H96: =VLOOKUP($B96,'DCS Data'!$E$2:$AJ$100,MATCH('Daily Report'!I$1,'DCS Data'!$E$2:$AJ$2,0),0) -> 64.435585
A97: HBFW to attemperator J-6003 | B97: 60FR019.PV | C97: 60FQI019 | D97: 60FQI019 | E97: T/Day | F97: 22.5 | G97: =SUM(H97:AL97) -> 4.7598831 | H97: =VLOOKUP($B97,'DCS Data'!$E$2:$AJ$100,MATCH('Daily Report'!I$1,'DCS Data'!$E$2:$AJ$2,0),0) -> 4.7598831
A98: HBFW to J6005 Valve opening | B98: 60TR059.MV | C98: 60TR059.MV | D98: avg_hbfw_to_j6005_valve_opening | E98: % | G98: =AVERAGE(H98:AL98) -> 0 | H98: =VLOOKUP($B98,'DCS Data'!$E$2:$AJ$100,MATCH('Daily Report'!I$1,'DCS Data'!$E$2:$AJ$2,0),0) -> 0
A99: HBFW to J6005 flow | G99: =SUM(H99:AL99) -> 0
A100: HBFW to J6004 Valve opening | B100: 60TR018.MV | C100: 60TR018.MV | D100: avg_hbfw_to_j6004_valve_opening | E100: % | G100: =AVERAGE(H100:AL100) -> 0 | H100: =VLOOKUP($B100,'DCS Data'!$E$2:$AJ$100,MATCH('Daily Report'!I$1,'DCS Data'!$E$2:$AJ$2,0),0) -> 0
...

Sheet DCS Data
A1: DCS Data | B1: From | C1: 45931 | E1: To | F1: 45962
F2: =F4 -> 45931 | G2: =G4 -> 45932 | H2: =H4 -> 45933 | I2: =I4 -> 45934 | J2: =J4 -> 45935 | K2: =K4 -> 45936 | L2: =L4 -> 45937 | M2: =M4 -> 45938 | ... AJ2: =AJ4 -> 45961
A4: Tags | B4: Descritpion | C4: Units | F4: 45931 | G4: 45932 | H4: 45933 | I4: 45934 | J4: 45935 | K4: 45936 | L4: 45937 | M4: 45938 | N4: 45939 | O4: 45940 | P4: 45941 | Q4: 45942 | R4: 45943 | S4: 45944 | T4: 45945 | U4: 45946 | V4: 45947 | W4: 45948 | X4: 45949 | Y4: 45950 | Z4: 45951 | AA4: 45952 | AB4: 45953 | AC4: 45954 | AD4: 45955 | AE4: 45956 | AF4: 45957 | AG4: 45958 | AH4: 45959 | AI4: 45960 | AJ4: 45961
A5: 60FR001.RAW | B5: Sales gas from battery limit | C5: T/Day | E5: 60FR001.RAW | F5: 715.80968 | G5: 784.31892 | H5: 779.28195 | I5: 776.80468 | J5: 784.98245 | K5: 796.34249 | L5: 792.25577 | M5: 782.73467 | N5: 777.76313 | O5: 784.58269 | P5: 777.22523 | Q5: 778.39093 | R5: 778.24394 | S5: 789.26554 | T5: 778.29253 | U5: 745.81606 | V5: 736.26666 | W5: 746.40695 | X5: 749.23579 | Y5: 765.45979 | Z5: 795.85141 | AA5: 804.30153 | AB5: 802.33001 | AC5: 802.67035 | AD5: 804.8356 | AE5: 802.91544 | AF5: 806.56074 | AG5: 803.92607 | AH5: 800.54275 | AI5: 798.26422 | AJ5: 803.1188
A6: 60FR005.RAW | B6: Sales gas to feed | C6: T/Day | E6: 60FR005.RAW | F6: 506.45477 | G6: 560.94621 | H6: 555.35927 | I6: 553.50791 | J6: 558.76186 | K6: 563.76377 | L6: 559.47536 | M6: 550.52312 | N6: 545.09976 | O6: 548.98877 | P6: 543.37743 | Q6: 544.46673 | R6: 543.40399 | S6: 553.15392 | T6: 542.99368 | U6: 516.40918 | V6: 507.86215 | W6: 517.03235 | X6: 519.08042 | Y6: 532.49508 | Z6: 558.46281 | AA6: 565.74979 | AB6: 562.58084 | AC6: 562.43821 | AD6: 563.90749 | AE6: 562.81016 | AF6: 566.07747 | AG6: 564.24928 | AH6: 561.45119 | AI6: 560.8705 | AJ6: 565.22322
A7: 60FR009.PV | B7: Feed to Mix point | C7: T/Day | E7: 60FR009.PV | F7: 475.72454 | G7: 516.54061 | H7: 512.95876 | I7: 511.42111 | J7: 515.50557 | K7: 521.90849 | L7: 518.61879 | M7: 510.02094 | N7: 503.76427 | O7: 502.97805 | P7: 498.21498 | Q7: 500.01713 | R7: 500.96659 | S7: 507.59104 | T7: 494.90756 | U7: 472.32823 | V7: 463.65063 | W7: 471.92361 | X7: 473.52617 | Y7: 484.07439 | Z7: 506.48072 | AA7: 512.87786 | AB7: 511.49537 | AC7: 510.99099 | AD7: 511.89628 | AE7: 511.40734 | AF7: 512.57256 | AG7: 512.08378 | AH7: 510.16711 | AI7: 510.78699 | AJ7: 513.36321
A8: 60FR049.RAW | B8: Sales gas to fuel | C8: T/Day | E8: 60FR049.RAW | F8: 296.67809 | G8: 321.30663 | H8: 320.61102 | I8: 319.78336 | J8: 323.75165 | K8: 331.00161 | L8: 330.32328 | M8: 328.08213 | N8: 327.44884 | O8: 331.33856 | P8: 328.51127 | Q8: 328.55862 | R8: 329.06011 | S8: 332.32589 | T8: 329.55797 | U8: 318.43173 | V8: 315.96549 | W8: 318.71924 | X8: 319.84994 | Y8: 325.37215 | Z8: 334.97952 | AA8: 337.5278 | AB8: 338.02811 | AC8: 338.61739 | AD8: 339.60751 | AE8: 338.52362 | AF8: 339.64399 | AG8: 338.40416 | AH8: 337.11612 | AI8: 335.2647 | AJ8: 336.56865
A9: 60FR053.PV | B9: Sales gas to fuel | C9: T/Day | E9: 60FR053.PV | F9: 326.39421 | G9: 353.46819 | H9: 353.48294 | I9: 352.80551 | J9: 357.10757 | K9: 364.87162 | L9: 364.13954 | M9: 361.05856 | N9: 359.30059 | O9: 361.13878 | P9: 359.7097 | Q9: 359.9993 | R9: 360.7075 | S9: 363.73028 | T9: 360.11407 | U9: 347.3577 | V9: 343.75912 | W9: 346.71725 | X9: 348.05626 | Y9: 353.79562 | Z9: 363.99381 | AA9: 366.48532 | AB9: 367.27025 | AC9: 366.9853 | AD9: 367.7212 | AE9: 367.52925 | AF9: 368.73711 | AG9: 368.58301 | AH9: 367.68908 | AI9: 365.96502 | AJ9: 367.36664
A10: 927QR119.PV | B10: HHV | C10: btu/scf | E10: 927QR119.PV | F10: 958.39106 | G10: 958.70493 | H10: 960.17631 | I10: 959.67176 | J10: 958.7671 | K10: 958.31932 | L10: 957.79165 | M10: 957.99171 | N10: 954.28132 | O10: 947.26019 | P10: 948.81396 | Q10: 949.15434 | R10: 947.40148 | S10: 946.8692 | T10: 947.78363 | U10: 944.75878 | V10: 943.78013 | W10: 942.8891 | X10: 944.09768 | Y10: 945.16817 | Z10: 945.14419 | AA10: 945.20913 | AB10: 944.71295 | AC10: 943.43437 | AD10: 941.02151 | AE10: 943.80364 | AF10: 944.19124 | AG10: 943.73163 | AH10: 944.58824 | AI10: 946.42698 | AJ10: 946.04552
A11: 60FR038.RAW | B11: Fresh Gas from sulfinol absorber | C11: T/Day | E11: 60FR038.RAW | F11: 304.7117 | G11: 334.80949 | H11: 333.98059 | I11: 332.17693 | J11: 335.66792 | K11: 337.06501 | L11: 335.78726 | M11: 330.61216 | N11: 326.62464 | O11: 324.67558 | P11: 322.11682 | Q11: 323.61347 | R11: 325.3412 | S11: 330.71711 | T11: 322.75248 | U11: 306.27948 | V11: 302.32247 | W11: 308.79103 | X11: 309.74099 | Y11: 316.34794 | Z11: 330.14889 | AA11: 333.94923 | AB11: 332.47882 | AC11: 330.76732 | AD11: 329.67151 | AE11: 331.85693 | AF11: 332.04673 | AG11: 334.15962 | AH11: 331.4246 | AI11: 333.44615 | AJ11: 336.5901
A12: 60FR045.RAW | B12: Fresh gas to flare (Flare Payment) XOH | C12: T/Day | E12: 60FR045.RAW | F12: 16.076682 | G12: 15.097068 | H12: 14.873856 | I12: 14.599687 | J12: 14.090603 | K12: 13.464697 | L12: 12.752191 | M12: 12.143387 | N12: 11.541502 | O12: 10.117407 | P12: 9.4803942 | Q12: 8.9027436 | R12: 8.3962262 | S12: 7.1514769 | T12: 14.856918 | U12: 60.756173 | V12: 95.080269 | W12: 127.31549 | X12: 130.13167 | Y12: 54.203551 | Z12: 5.7179578 | AA12: 0.45307881 | AB12: 0.180822 | AC12: 0.15496849 | AD12: 0.15404499 | AE12: 0.17434642 | AF12: 0.2493058 | AG12: 2.3570345 | AH12: 0.48982095 | AI12: 0.30648619 | AJ12: 0.2430548
A13: 60FR046.PV | B13: Fresh gas to fuel header | C13: T/Day | E13: 60FR046.PV | F13: 5.5759268 | G13: 4.7301031 | H13: 2.4825299 | I13: 3.0244137 | J13: 5.8323364 | K13: 4.2850126 | L13: 4.241413 | M13: 2.1824402 | N13: 2.9270617 | O13: 4.1774717 | P13: 3.2595885 | Q13: 3.5562102 | R13: 1.4409001 | S13: 4.4529352 | T13: 3.8035433 | U13: 8.4709132 | V13: 10.00008 | W13: 9.9998461 | X13: 10.000028 | Y13: 9.999848 | Z13: 8.21407 | AA13: 4.7524919 | AB13: 2.3901843 | AC13: 4.6096234 | AD13: 4.2034424 | AE13: 4.8607463 | AF13: 3.6985965 | AG13: 4.3497944 | AH13: 2.2328551 | AI13: 2.772445 | AJ13: 2.8229364
A14: 30FR026.PV | B14: HMU H2 outlet | C14: T/Day | E14: 30FR026.PV | F14: 274.82855 | G14: 316.5105 | H14: 324.81535 | I14: 323.96956 | J14: 322.12721 | K14: 325.39024 | L14: 323.85949 | M14: 320.90933 | N14: 316.56838 | O14: 315.0714 | P14: 312.77127 | Q14: 312.58605 | R14: 314.31778 | S14: 316.32039 | T14: 302.15751 | U14: 287.58504 | V14: 301.40063 | W14: 295.97471 | X14: 295.67676 | Y14: 308.61499 | Z14: 324.41094 | AA14: 331.73015 | AB14: 332.64328 | AC14: 329.75786 | AD14: 330.30353 | AE14: 325.83511 | AF14: 320.31557 | AG14: 319.57131 | AH14: 320.50145 | AI14: 319.84349 | AJ14: 322.06536
A15: 30PR026.PV | B15: HMU H2 outlet Pressure | C15: bar g | E15: 30PR026.PV | F15: 14.791534 | G15: 14.781141 | H15: 14.698188 | I15: 14.754153 | J15: 14.786065 | K15: 14.805844 | L15: 14.789062 | M15: 14.748245 | N15: 14.792283 | O15: 14.813199 | P15: 14.813352 | Q15: 14.813956 | R15: 14.769625 | S15: 14.723863 | T15: 14.648699 | U15: 14.805692 | V15: 14.776518 | W15: 14.768816 | X15: 14.763986 | Y15: 14.722531 | Z15: 14.629462 | AA15: 14.604606 | AB15: 14.570097 | AC15: 14.594384 | AD15: 14.599882 | AE15: 14.554708 | AF15: 14.617502 | AG15: 14.61938 | AH15: 14.565363 | AI15: 14.567158 | AJ15: 14.559003
A16: 30TI-316.PV | B16: HMU H2 outlet Temperature | C16: 0C | E16: 30TI-316.PV | F16: 45.833715 | G16: 45.017124 | H16: 44.405759 | I16: 43.565906 | J16: 43.995716 | K16: 44.407769 | L16: 44.868529 | M16: 44.79797 | N16: 44.403776 | O16: 43.456368 | P16: 41.730205 | Q16: 41.375325 | R16: 42.122633 | S16: 42.509301 | T16: 33.23064 | U16: 31.809339 | V16: 31.833472 | W16: 31.963925 | X16: 32.004293 | Y16: 33.326123 | Z16: 33.677247 | AA16: 33.553582 | AB16: 33.61099 | AC16: 34.11326 | AD16: 34.317561 | AE16: 34.499035 | AF16: 33.71468 | AG16: 33.497321 | AH16: 33.05379 | AI16: 33.165185 | AJ16: 32.992042
... A19: 170FIA220.PV | B19: SIPCHEM Import Hydrogen | C19: T/Day | E19: 170FIA220.PV | F19: 50.003629 | G19: 54.568473 | H19: 57.751508 | I19: 58.535966 | J19: 55.454159 | K19: 51.834799 | L19: 51.096089 | M19: 51.207506 | N19: 50.714458 | O19: 50.611381 | P19: 50.716608 | Q19: 50.755757 | R19: 51.75571 | S19: 50.198807 | T19: 72.608428 | U19: 101.36589 | V19: 128.1645 | W19: 144.64532 | X19: 142.54977 | Y19: 94.192294 | Z19: 56.254848 | AA19: 49.780023 | AB19: 49.091665 | AC19: 50.696657 | AD19: 52.619838 | AE19: 55.571303 | AF19: 52.678048 | AG19: 51.329472 | AH19: 49.792494 | AI19: 51.515082 | AJ19: 50.309055
A20: 170FI101.PV | B20: 0 | C20: T/Day | E20: 170FI101.PV | F20: 42.514937 | G20: 41.895091 | H20: 39.920453 | I20: 39.451488 | J20: 38.589994 | K20: 37.02885 | L20: 37.033204 | M20: 36.924792 | N20: 37.573208 | O20: 37.692364 | P20: 37.571163 | Q20: 37.104439 | R20: 39.578595 | S20: 37.158481 | T20: 36.654369 | U20: 30.999881 | V20: 10.444701 | W20: 7.7706708 | X20: 2.7240041 | Y20: 18.1375 | Z20: 24.120858 | AA20: 24.665634 | AB20: 26.442972 | AC20: 27.777391 | AD20: 29.457533 | AE20: 36.201672 | AF20: 39.535632 | AG20: 38.241806 | AH20: 36.845225 | AI20: 38.170471 | AJ20: 37.245255
A21: 170FIC121.PV | B21: Segment#3 H2 | C21: T/Day | E21: 170FIC121.PV | F21: 0 | G21: 0 | H21: 0 | I21: 0 | J21: 0 | K21: 0 | L21: 0 | M21: 0 | N21: 0.92220037 | O21: 0 | P21: 0 | Q21: 0 | R21: 0 | S21: 0.020709153 | T21: 25.502183 | U21: 67.978179 | V21: 108.60924 | W21: 124.34291 | X21: 125.19551 | Y21: 73.14968 | Z21: 36.896744 | AA21: 32.996241 | AB21: 32.996896 | AC21: 33.000006 | AD21: 32.998697 | AE21: 29.371404 | AF21: 23.99898 | AG21: 23.996102 | AH21: 23.999714 | AI21: 23.998939 | AJ21: 23.99913
A22: 30FR026.PV | B22: HMU H2 outlet | C22: T/Day | E22: 30FR026.PV | F22: 274.82855 | G22: 316.5105 | H22: 324.81535 | I22: 323.96956 | J22: 322.12721 | K22: 325.39024 | L22: 323.85949 | M22: 320.90933 | N22: 316.56838 | O22: 315.0714 | P22: 312.77127 | Q22: 312.58605 | R22: 314.31778 | S22: 316.32039 | T22: 302.15751 | U22: 287.58504 | V22: 301.40063 | W22: 295.97471 | X22: 295.67676 | Y22: 308.61499 | Z22: 324.41094 | AA22: 331.73015 | AB22: 332.64328 | AC22: 329.75786 | AD22: 330.30353 | AE22: 325.83511 | AF22: 320.31557 | AG22: 319.57131 | AH22: 320.50145 | AI22: 319.84349 | AJ22: 322.06536
A23: 30PR026.PV | B23: HMU H2 outlet Pressure | C23: bar g | E23: 30PR026.PV | F23: 14.791534 | G23: 14.781141 | H23: 14.698188 | I23: 14.754153 | J23: 14.786065 | K23: 14.805844 | L23: 14.789062 | M23: 14.748245 | N23: 14.792283 | O23: 14.813199 | P23: 14.813352 | Q23: 14.813956 | R23: 14.769625 | S23: 14.723863 | T23: 14.648699 | U23: 14.805692 | V23: 14.776518 | W23: 14.768816 | X23: 14.763986 | Y23: 14.722531 | Z23: 14.629462 | AA23: 14.604606 | AB23: 14.570097 | AC23: 14.594384 | AD23: 14.599882 | AE23: 14.554708 | AF23: 14.617502 | AG23: 14.61938 | AH23: 14.565363 | AI23: 14.567158 | AJ23: 14.559003
A24: 30TI-316.PV | B24: HMU H2 outlet Temperature | C24: 0C | E24: 30TI-316.PV | F24: 45.833715 | G24: 45.017124 | H24: 44.405759 | I24: 43.565906 | J24: 43.995716 | K24: 44.407769 | L24: 44.868529 | M24: 44.79797 | N24: 44.403776 | O24: 43.456368 | P24: 41.730205 | Q24: 41.375325 | R24: 42.122633 | S24: 42.509301 | T24: 33.23064 | U24: 31.809339 | V24: 31.833472 | W24: 31.963925 | X24: 32.004293 | Y24: 33.326123 | Z24: 33.677247 | AA24: 33.553582 | AB24: 33.61099 | AC24: 34.11326 | AD24: 34.317561 | AE24: 34.499035 | AF24: 33.71468 | AG24: 33.497321 | AH24: 33.05379 | AI24: 33.165185 | AJ24: 32.992042
A25: 61FI902.PV | B25: PSA outlet | C25: Nm3/hr | E25: 61FI902.PV | F25: 0 | G25: 0 | H25: 0 | I25: 0 | J25: 0 | K25: 0 | L25: 0 | M25: 0 | N25: 0 | O25: 0 | P25: 0 | Q25: 0 | R25: 0 | S25: 0 | T25: 0 | U25: 0 | V25: 0 | W25: 0 | X25: 0 | Y25: 0 | Z25: 0 | AA25: 0 | AB25: 0 | AC25: 0 | AD25: 0 | AE25: 0 | AF25: 0 | AG25: 0 | AH25: 0 | AI25: 0 | AJ25: 0
A26: 61TIA006.PV | B26: 0 | C26: 0C | E26: 61TIA006.PV | F26: 35.699533 | G26: 34.218017 | H26: 33.083199 | I26: 32.021844 | J26: 32.210174 | K26: 32.276263 | L26: 32.325023 | M26: 32.860623 | N26: 32.386852 | O26: 32.514522 | P26: 32.084796 | Q26: 31.769091 | R26: 31.277299 | S26: 31.10505 | T26: 30.415614 | U26: 29.472775 | V26: 28.854502 | W26: 30.346151 | X26: 31.216799 | Y26: 32.893786 | Z26: 33.499515 | AA26: 33.575397 | AB26: 33.683301 | AC26: 33.896609 | AD26: 34.081653 | AE26: 34.137107 | AF26: 33.530558 | AG26: 33.408085 | AH26: 33.053017 | AI26: 33.442722 | AJ26: 33.505228
A27: 61PICA005.PV | B27: 0 | C27: barg | E27: 61PICA005.PV | F27: 14.922634 | G27: 14.961403 | H27: 14.889737 | I27: 14.944578 | J27: 14.97448 | K27: 14.998138 | L27: 14.979302 | M27: 14.93479 | N27: 14.97309 | O27: 14.991307 | P27: 14.987799 | Q27: 14.988482 | R27: 14.946539 | S27: 14.903167 | T27: 14.838598 | U27: 14.960736 | V27: 14.938817 | W27: 14.919281 | X27: 14.913744 | Y27: 14.907363 | Z27: 14.853332 | AA27: 14.841869 | AB27: 14.809299 | AC27: 14.828713 | AD27: 14.834826 | AE27: 14.783987 | AF27: 14.839399 | AG27: 14.83987 | AH27: 14.788296 | AI27: 14.788884 | AJ27: 14.783749
A28: 61FIA001.PV | B28: Tail gas flow | C28: T/Day | E28: 61FIA001.PV | F28: 3.0871786 | G28: 2.7146487 | H28: 3.6532282 | I28: 2.3064332 | J28: 4.0765575 | K28: 4.4982554 | L28: 3.0833336 | M28: 4.7681145 | N28: 4.938609 | O28: 3.2229353 | P28: 3.9762938 | Q28: 3.6808537 | R28: 5.2230497 | S28: 5.3124402 | T28: 3.8013143 | U28: 5.1770699 | V28: 4.8760733 | W28: 3.4629964 | X28: 3.3564982 | Y28: 3.6666256 | Z28: 5.6031459 | AA28: 5.4325662 | AB28: 3.546705 | AC28: 2.4319089 | AD28: 4.5649791 | AE28: 5.3802403 | AF28: 3.8096496 | AG28: 5.5141856 | AH28: 6.0042394 | AI28: 5.3021927 | AJ28: 5.9448977
A29: 170FI001.PV | B29: CCR Flow (CCRNm) | C29: T/Day | E29: 170FI001.PV | F29: 110.22495 | G29: 116.2964 | H29: 122.74262 | I29: 116.57718 | J29: 122.01672 | K29: 109.77968 | L29: 103.48487 | M29: 109.85216 | N29: 111.59765 | O29: 104.71736 | P29: 115.70893 | Q29: 124.32578 | R29: 107.23534 | S29: 101.4968 | T29: 113.27158 | U29: 126.3277 | V29: 101.15028 | W29: 87.632604 | X29: 108.27424 | Y29: 113.14295 | Z29: 120.09942 | AA29: 118.15901 | AB29: 120.30545 | AC29: 120.93408 | AD29: 119.60411 | AE29: 114.44017 | AF29: 120.28162 | AG29: 127.403 | AH29: 128.1381 | AI29: 125.25052 | AJ29: 132.71256
A30: 170FI133.PV | B30: HCU Hydrogen MBU feed | C30: T/Day | E30: 170FI133.PV | F30: 24.477501 | G30: 33.983244 | H30: 36.107213 | I30: 37.164721 | J30: 37.631567 | K30: 40.745531 | L30: 40.31662 | M30: 37.142195 | N30: 32.496637 | O30: 32.236323 | P30: 29.357789 | Q30: 28.094096 | R30: 26.632763 | S30: 29.980252 | T30: 24.741271 | U30: 32.340709 | V30: 65.376473 | W30: 66.503893 | X30: 71.130357 | Y30: 56.752043 | Z30: 49.591735 | AA30: 52.567635 | AB30: 52.677269 | AC30: 51.18214 | AD30: 52.087284 | AE30: 44.730946 | AF30: 38.731954 | AG30: 38.948852 | AH30: 39.592446 | AI30: 37.661915 | AJ30: 39.659145
A31: 170FICA174.PV | B31: Total feed to MBU | C31: Nm3/hr | E31: 170FICA174.PV | F31: 24821.648 | G31: 28786.42 | H31: 30135.142 | I31: 29695.882 | J31: 30106.105 | K31: 29652.104 | L31: 28896.149 | M31: 28592.455 | N31: 27476.735 | O31: 26490.609 | P31: 27179.612 | Q31: 27922.321 | R31: 25221.501 | S31: 25518.396 | T31: 25565.752 | U31: 29566.34 | V31: 37084.687 | W31: 35882.165 | X31: 39787.871 | Y31: 35808.778 | Z31: 34506.199 | AA31: 35198.429 | AB31: 35595.842 | AC31: 35091.332 | AD31: 35063.166 | AE31: 32154.116 | AF31: 31066.677 | AG31: 32209.792 | AH31: 32590.046 | AI31: 31520.243 | AJ31: 33290.117
A32: 170X124.PV | B32: Residue gas flow from MBU | C32: Nm3/hr | E32: 170X124.PV | F32: 4285.6784 | G32: 5028.692 | H32: 5042.1981 | I32: 4953.876 | J32: 5149.5744 | K32: 4129.7024 | L32: 3857.6451 | M32: 4032.5316 | N32: 3879.2521 | O32: 3608.1029 | P32: 4019.4915 | Q32: 4358.4767 | R32: 3043.4934 | S32: 2988.4809 | T32: 3343.9569 | U32: 4493.3132 | V32: 5596.0269 | W32: 5420.7371 | X32: 5536.2503 | Y32: 5208.7093 | Z32: 5046.16 | AA32: 5122.1943 | AB32: 5195.8352 | AC32: 5158.5779 | AD32: 5157.0843 | AE32: 5003.7884 | AF32: 4965.1698 | AG32: 5164.8143 | AH32: 5194.834 | AI32: 5135.671 | AJ32: 5234.0544
A33: 170X125.PV | B33: 0 | C33: Nm3/hr | E33: 170X125.PV | F33: 4276.2713 | G33: 5019.5818 | H33: 5033.4901 | I33: 4944.7211 | J33: 5140.0736 | K33: 4119.734 | L33: 3847.2568 | M33: 4022.6476 | N33: 3868.9918 | O33: 3597.6639 | P33: 4009.6531 | Q33: 4349.0287 | R33: 3032.2902 | S33: 2977.384 | T33: 3332.8176 | U33: 4483.8372 | V33: 5586.7676 | W33: 5411.5403 | X33: 5526.0117 | Y33: 5198.6593 | Z33: 5036.0342 | AA33: 5112.5101 | AB33: 5185.6322 | AC33: 5148.3286 | AD33: 5147.0867 | AE33: 4994.2496 | AF33: 4955.3888 | AG33: 5155.6111 | AH33: 5184.9065 | AI33: 5125.8336 | AJ33: 5224.4453
A34: 170FIA175.PV | B34: Average Residue gas flow from MBU | C34: Nm3/hr | E34: 170FIA175.PV | F34: 4280.8489 | G34: 5024.1802 | H34: 5037.7402 | I34: 4949.2902 | J34: 5144.8054 | K34: 4124.725 | L34: 3852.4412 | M34: 4027.5092 | N34: 3874.137 | O34: 3602.9722 | P34: 4014.5364 | Q34: 4353.7892 | R34: 3037.8903 | S34: 2982.9555 | T34: 3338.2596 | U34: 4488.3215 | V34: 5591.3378 | W34: 5415.955 | X34: 5531.1233 | Y34: 5203.7501 | Z34: 5041.2108 | AA34: 5117.4294 | AB34: 5190.688 | AC34: 5153.5185 | AD34: 5151.9954 | AE34: 4999.063 | AF34: 4960.3908 | AG34: 5160.0698 | AH34: 5189.7803 | AI34: 5130.7588 | AJ34: 5229.0935
A35: 170PEA329.PV | B35: Residue gas Pressure | C35: barg | E35: 170PEA329.PV | F35: 33.323315 | G35: 33.005304 | H35: 32.223748 | I35: 31.803625 | J35: 32.590492 | K35: 32.997533 | L35: 32.844153 | M35: 32.800428 | N35: 32.799305 | O35: 32.799931 | P35: 32.800974 | Q35: 32.799969 | R35: 32.797633 | S35: 32.781341 | T35: 32.984185 | U35: 33.688829 | V35: 33.135062 | W35: 31.815974 | X35: 34.578806 | Y35: 34.634784 | Z35: 34.57246 | AA35: 34.601881 | AB35: 34.582916 | AC35: 34.583143 | AD35: 34.540716 | AE35: 33.154172 | AF35: 33.183831 | AG35: 33.801672 | AH35: 33.980108 | AI35: 33.362763 | AJ35: 34.457049
A36: 170PEA469.PV | B36: MBU Feed Pressure | C36: barg | E36: 170PEA469.PV | F36: 33.749769 | G36: 33.532567 | H36: 32.774762 | I36: 32.338811 | J36: 33.154825 | K36: 33.465845 | L36: 33.278707 | M36: 33.250927 | N36: 33.223529 | O36: 33.188207 | P36: 33.232006 | Q36: 33.27303 | R36: 33.128569 | S36: 33.108984 | T36: 33.342194 | U36: 34.192924 | V36: 33.803752 | W36: 32.422048 | X36: 35.263334 | Y36: 35.252032 | Z36: 35.176696 | AA36: 35.219349 | AB36: 35.209896 | AC36: 35.201867 | AD36: 35.158866 | AE36: 33.718596 | AF36: 33.735409 | AG36: 34.392022 | AH36: 34.576943 | AI36: 33.937629 | AJ36: 35.067803
A37: 60FR006.PV | B37: Recycle Hydrogen | C37: T/Day | E37: 60FR006.PV | F37: 3.4997912 | G37: 3.4996422 | H37: 3.4998225 | I37: 3.5001772 | J37: 3.500037 | K37: 3.4999756 | L37: 3.4998563 | M37: 3.4997384 | N37: 3.4999437 | O37: 3.5002459 | P37: 3.5000612 | Q37: 3.4999062 | R37: 3.5000269 | S37: 3.4998735 | T37: 3.4998924 | U37: 3.4998975 | V37: 3.5000462 | W37: 3.4999051 | X37: 3.4997082 | Y37: 3.4999716 | Z37: 3.5002829 | AA37: 3.4999263 | AB37: 3.500138 | AC37: 3.4999511 | AD37: 3.4999887 | AE37: 3.5000126 | AF37: 3.4999312 | AG37: 3.5000869 | AH37: 3.5000864 | AI37: 3.4998705 | AJ37: 3.4998577
A38: 170STR2CMAS.PV | B38: Import Hydrogen from ALAR | C38: T/Day | E38: 170STR2CMAS.PV | F38: 8.0266814 | G38: 11.578448 | H38: 11.953033 | I38: 12.075272 | J38: 12.060503 | K38: 12.136466 | L38: 12.583467 | M38: 12.286708 | N38: 14.308877 | O38: 15.039738 | P38: 14.747527 | Q38: 14.262079 | R38: 14.212352 | S38: 14.094345 | T38: 14.101891 | U38: 13.918447 | V38: 13.882125 | W38: 13.840987 | X38: 13.644897 | Y38: 12.958607 | Z38: 14.461661 | AA38: 16.995294 | AB38: 19.771211 | AC38: 19.57701 | AD38: 19.43251 | AE38: 19.62022 | AF38: 19.790423 | AG38: 19.848534 | AH38: 19.872613 | AI38: 19.734871 | AJ38: 19.967848
A39: 60TR027.PV | B39: SMR Inlet Temperature | C39: 0C | E39: 60TR027.PV | F39: 449.22198 | G39: 446.57338 | H39: 446.91044 | I39: 447.77019 | J39: 453.45572 | K39: 459.30698 | L39: 459.21824 | M39: 459.5228 | N39: 460.96198 | O39: 461.54839 | P39: 461.70668 | Q39: 461.77753 | R39: 461.92291 | S39: 460.98038 | T39: 461.35592 | U39: 465.56727 | V39: 464.54759 | W39: 463.52702 | X39: 461.72902 | Y39: 458.00612 | Z39: 457.34157 | AA39: 458.0555 | AB39: 457.62957 | AC39: 457.50145 | AD39: 456.74539 | AE39: 456.20761 | AF39: 456.48033 | AG39: 457.49916 | AH39: 457.81814 | AI39: 457.77064 | AJ39: 457.66104
A40: 60TR028.PV | B40: SMR Outlet Temperature | C40: 0C | E40: 60TR028.PV | F40: 798.54952 | G40: 800.26996 | H40: 803.07766 | I40: 802.97043 | J40: 802.57538 | K40: 802.9955 | L40: 803.0202 | M40: 803.11795 | N40: 802.9595 | O40: 803.03401 | P40: 802.95933 | Q40: 803.00768 | R40: 803.00266 | S40: 802.90557 | T40: 803.19932 | U40: 803.24093 | V40: 803.02695 | W40: 802.92293 | X40: 803.01269 | Y40: 802.63714 | Z40: 802.92086 | AA40: 802.95029 | AB40: 803.00996 | AC40: 802.96625 | AD40: 802.97974 | AE40: 802.97437 | AF40: 803.00939 | AG40: 803.00102 | AH40: 803.056 | AI40: 803.00998 | AJ40: 803.00174
A41: 60FR054.PV | B41: Combustion Air Flow | C41: T/Day | E41: 60FR054.PV | F41: 4731.0128 | G41: 5068.4044 | H41: 5121.3145 | I41: 5130.2947 | J41: 5410.7452 | K41: 5931.087 | L41: 5941.6708 | M41: 5934.052 | N41: 5945.3784 | O41: 5888.8034 | P41: 5852.472 | Q41: 5935.8742 | R41: 5973.9277 | S41: 5911.7084 | T41: 5886.7534 | U41: 5904.6682 | V41: 5938.356 | W41: 5950.276 | X41: 5954.1084 | Y41: 5906.186 | Z41: 5891.7913 | AA41: 5944.1207 | AB41: 5948.0721 | AC41: 5929.5219 | AD41: 5944.0895 | AE41: 5921.6944 | AF41: 5919.4018 | AG41: 5905.037 | AH41: 5925.8355 | AI41: 5969.6921 | AJ41: 5977.6852
A42: 60TR035.PV | B42: HTS Inlet Temperature | C42: 0C | E42: 60TR035.PV | F42: 325.71572 | G42: 328.80409 | H42: 329.16441 | I42: 329.31585 | J42: 329.35532 | K42: 330.16962 | L42: 330.43694 | M42: 330.43532 | N42: 329.74578 | O42: 329.52192 | P42: 329.27115 | Q42: 329.50793 | R42: 330.06323 | S42: 330.36979 | T42: 329.41531 | U42: 325.81909 | V42: 324.61581 | W42: 324.86182 | X42: 325.80557 | Y42: 327.31231 | Z42: 329.57589 | AA42: 330.03021 | AB42: 331.05128 | AC42: 331.35504 | AD42: 331.66137 | AE42: 331.93905 | AF42: 331.61963 | AG42: 331.63543 | AH42: 331.70022 | AI42: 331.52794 | AJ42: 331.40384
A43: 60TR036.PV | B43: 0 | C43: 0C | E43: 60TR036.PV | F43: 368.50433 | G43: 372.53179 | H43: 372.99572 | I43: 373.07681 | J43: 373.50677 | K43: 374.45004 | L43: 374.32473 | M43: 373.69074 | N43: 372.94176 | O43: 372.55796 | P43: 372.33245 | Q43: 372.62669 | R43: 372.8517 | S43: 373.39655 | T43: 372.5295 | U43: 370.10586 | V43: 369.34926 | W43: 370.18547 | X43: 370.6523 | Y43: 371.71998 | Z43: 373.9971 | AA43: 374.68036 | AB43: 374.56732 | AC43: 374.49303 | AD43: 374.5483 | AE43: 374.75652 | AF43: 374.93321 | AG43: 374.98546 | AH43: 375.00362 | AI43: 375.23394 | AJ43: 375.55506
A44: 60TR038.PV | B44: 0 | C44: 0C | E44: 60TR038.PV | F44: 200.08186 | G44: 200.01525 | H44: 199.99337 | I44: 200.00024 | J44: 199.99528 | K44: 200.0032 | L44: 200.00449 | M44: 199.99149 | N44: 199.99619 | O44: 199.99343 | P44: 200.00066 | Q44: 199.99632 | R44: 199.99846 | S44: 200.01044 | T44: 199.96293 | U44: 199.96854 | V44: 199.9954 | W44: 200.01879 | X44: 200.00193 | Y44: 200.0369 | Z44: 199.9966 | AA44: 200.01351 | AB44: 199.99894 | AC44: 200.0073 | AD44: 200.01186 | AE44: 199.98 | AF44: 200.01016 | AG44: 199.99091 | AH44: 199.99836 | AI44: 200.01223 | AJ44: 200.00248
A45: 60TR040.PV | B45: 0 | C45: 0C | E45: 60TR040.PV | F45: 206.09759 | G45: 206.18926 | H45: 206.1994 | I45: 206.23001 | J45: 206.24666 | K45: 206.25896 | L45: 206.20519 | M45: 206.13218 | N45: 206.19822 | O45: 206.16137 | P45: 206.24298 | Q45: 206.26826 | R45: 206.30783 | S45: 206.3244 | T45: 206.33898 | U45: 206.70274 | V45: 206.81097 | W45: 206.97214 | X45: 206.95806 | Y45: 206.8066 | Z45: 206.69485 | AA45: 206.85118 | AB45: 206.68465 | AC45: 206.68523 | AD45: 206.69323 | AE45: 206.58169 | AF45: 206.72174 | AG45: 206.7637 | AH45: 206.88421 | AI45: 206.97822 | AJ45: 206.87648
A46: 60TR048.PV | B46: Methanator Inlet Temperature | C46: 0C | E46: 60TR048.PV | F46: 295.2471 | G46: 296.64649 | H46: 297.29405 | I46: 297.23335 | J46: 297.64578 | K46: 298.1039 | L46: 298.23732 | M46: 297.99809 | N46: 297.73685 | O46: 297.04822 | P46: 296.59345 | Q46: 296.92655 | R46: 297.78345 | S46: 297.89547 | T46: 297.20681 | U46: 295.70631 | V46: 295.55304 | W46: 296.24679 | X46: 296.72547 | Y46: 297.10217 | Z46: 297.93584 | AA46: 298.35409 | AB46: 298.58115 | AC46: 298.58489 | AD46: 298.52076 | AE46: 298.85155 | AF46: 298.46436 | AG46: 298.96588 | AH46: 298.55717 | AI46: 299.20413 | AJ46: 299.33238
A47: 60TI-261.PV | B47: Methanator Outlet Temperature | C47: 0C | E47: 60TI-261.PV | F47: 304.58877 | G47: 307.71964 | H47: 307.9921 | I47: 307.51256 | J47: 308.00678 | K47: 308.61908 | L47: 308.34735 | M47: 307.67891 | N47: 307.25189 | O47: 306.64569 | P47: 306.21672 | Q47: 306.47436 | R47: 306.95061 | S47: 307.32637 | T47: 306.39793 | U47: 304.4324 | V47: 304.07291 | W47: 305.49498 | X47: 305.91247 | Y47: 306.39126 | Z47: 307.74617 | AA47: 308.30578 | AB47: 308.03013 | AC47: 308.23281 | AD47: 308.3171 | AE47: 308.49267 | AF47: 308.1388 | AG47: 308.39015 | AH47: 308.27536 | AI47: 308.91516 | AJ47: 308.9564
A48: 61TIA045.PV | B48: Tail gas temperature | C48: 0C | E48: 61TIA045.PV | F48: 34.601791 | G48: 33.166353 | H48: 32.200875 | I48: 31.191071 | J48: 31.569695 | K48: 31.099281 | L48: 31.463176 | M48: 32.192818 | N48: 31.564681 | O48: 31.596158 | P48: 31.209434 | Q48: 31.072742 | R48: 29.870896 | S48: 30.332989 | T48: 29.983727 | U48: 30.066785 | V48: 30.451502 | W48: 30.507766 | X48: 29.814835 | Y48: 31.126215 | Z48: 30.221755 | AA48: 30.006212 | AB48: 30.068411 | AC48: 30.374667 | AD48: 31.123697 | AE48: 31.387819 | AF48: 30.11557 | AG48: 29.248244 | AH48: 28.590014 | AI48: 28.880322 | AJ48: 28.370491
A49: 61PICA065.PV | B49: Tail gas pressure | C49: barg | E49: 61PICA065.PV | F49: 7.0383621 | G49: 7.0297895 | H49: 7.0323055 | I49: 7.037097 | J49: 7.0816527 | K49: 7.1054277 | L49: 7.1430206 | M49: 7.1941997 | N49: 7.2025158 | O49: 7.2265094 | P49: 7.2476493 | Q49: 7.2765166 | R49: 7.2684663 | S49: 7.307109 | T49: 7.3308874 | U49: 7.3604052 | V49: 7.3954424 | W49: 7.429608 | X49: 7.4350111 | Y49: 7.4962595 | Z49: 7.4900099 | AA49: 7.5061895 | AB49: 7.5338418 | AC49: 7.5676646 | AD49: 7.6126006 | AE49: 7.6420263 | AF49: 7.6221302 | AG49: 7.6078149 | AH49: 7.6012973 | AI49: 7.6179308 | AJ49: 7.6156124
A50: 170TIA440.PV | B50: Fresh gas temperature | C50: 0C | E50: 170TIA440.PV | F50: 48.885304 | G50: 49.013428 | H50: 49.454034 | I50: 48.773899 | J50: 49.281867 | K50: 50.232324 | L50: 50.18824 | M50: 50.398128 | N50: 49.45229 | O50: 49.135087 | P50: 48.344663 | Q50: 48.203846 | R50: 47.146496 | S50: 47.495796 | T50: 47.038865 | U50: 49.011569 | V50: 54.465396 | W50: 55.049866 | X50: 57.256914 | Y50: 54.852643 | Z50: 52.303857 | AA50: 52.597175 | AB50: 52.690339 | AC50: 52.654031 | AD50: 52.723576 | AE50: 50.458888 | AF50: 48.82938 | AG50: 49.109069 | AH50: 49.304814 | AI50: 48.196435 | AJ50: 48.943625
A51: 170PICA403.PV | B51: Fresh gas pressure | C51: barg | E51: 170PICA403.PV | F51: 14.808551 | G51: 14.783095 | H51: 14.781759 | I51: 14.785734 | J51: 14.787166 | K51: 14.79102 | L51: 14.791634 | M51: 14.793964 | N51: 14.796492 | O51: 14.798581 | P51: 14.79771 | Q51: 14.797096 | R51: 14.801178 | S51: 14.801342 | T51: 14.797798 | U51: 14.793396 | V51: 14.819634 | W51: 14.831736 | X51: 14.813966 | Y51: 14.799617 | Z51: 14.794679 | AA51: 14.78924 | AB51: 14.784802 | AC51: 14.783788 | AD51: 14.798337 | AE51: 14.791152 | AF51: 14.812322 | AG51: 14.77357 | AH51: 14.785765 | AI51: 14.789538 | AJ51: 14.791721
A52: 170TIA431.PV | B52: Residue gas temperature | C52: 0C | E52: 170TIA431.PV | F52: 95.089753 | G52: 92.951817 | H52: 92.055856 | I52: 92.222675 | J52: 92.661843 | K52: 93.5242 | L52: 93.483429 | M52: 93.814485 | N52: 94.025578 | O52: 93.940768 | P52: 93.746958 | Q52: 94.112987 | R52: 94.534759 | S52: 94.159126 | T52: 94.201526 | U52: 93.558109 | V52: 90.865558 | W52: 92.318899 | X52: 93.251975 | Y52: 93.70202 | Z52: 93.8013 | AA52: 93.694547 | AB52: 93.669905 | AC52: 93.769858 | AD52: 93.799836 | AE52: 93.483475 | AF52: 93.612482 | AG52: 93.848599 | AH52: 93.993984 | AI52: 93.859321 | AJ52: 94.228295
A53: 170PIC329.PV | B53: Residue gas pressure | C53: barg | E53: 170PIC329.PV | F53: 33.3233 | G53: 33.005269 | H53: 32.223687 | I53: 31.803534 | J53: 32.590695 | K53: 32.997479 | L53: 32.844065 | M53: 32.80041 | N53: 32.79938 | O53: 32.800034 | P53: 32.801072 | Q53: 32.800017 | R53: 32.797422 | S53: 32.781328 | T53: 32.984243 | U53: 33.688843 | V53: 33.135232 | W53: 31.816058 | X53: 34.578822 | Y53: 34.634714 | Z53: 34.572498 | AA53: 34.601959 | AB53: 34.582873 | AC53: 34.58311 | AD53: 34.540795 | AE53: 33.154368 | AF53: 33.183896 | AG53: 33.801997 | AH53: 33.980262 | AI53: 33.362664 | AJ53: 34.456934
A54: 60FI422.PV | B54: CO2 FLOW TO COMP K-6006 | C54: T/Day | E54: 60FI422.PV | F54: 845.24261 | G54: 999.00877 | H54: 1022.5361 | I54: 1066.0683 | J54: 1072.7745 | K54: 1057.1089 | L54: 1067.3641 | M54: 1052.567 | N54: 1028.1599 | O54: 1055.2741 | P54: 999.85931 | Q54: 972.76734 | R54: 1018.9479 | S54: 1032.2153 | T54: 989.55282 | U54: 945.63812 | V54: 911.95918 | W54: 893.85525 | X54: 924.75082 | Y54: 986.65282 | Z54: 993.28337 | AA54: 979.42883 | AB54: 1001.9544 | AC54: 978.64112 | AD54: 964.37602 | AE54: 988.13928 | AF54: 989.01961 | AG54: 977.42124 | AH54: 986.69467 | AI54: 966.5079 | AJ54: 966.2301
A55: 60FIA448.PV | B55: CO2 Export | C55: T/Day | E55: 60FIA448.PV | F55: 356.5864 | G55: 378.83144 | H55: 379.54205 | I55: 379.5916 | J55: 379.71644 | K55: 379.82533 | L55: 380.37207 | M55: 381.03103 | N55: 380.68268 | O55: 389.42554 | P55: 513.36884 | Q55: 790.20365 | R55: 805.17955 | S55: 814.09118 | T55: 857.6376 | U55: 874.03802 | V55: 835.85871 | W55: 825.23292 | X55: 822.06511 | Y55: 797.90714 | Z55: 787.64646 | AA55: 787.46573 | AB55: 788.5549 | AC55: 788.76781 | AD55: 798.65017 | AE55: 866.46244 | AF55: 867.30531 | AG55: 868.42557 | AH55: 859.55355 | AI55: 860.95065 | AJ55: 846.07285
A56: 60FIA451.PV | B56: CO2 Export | C56: T/Day | E56: 60FIA451.PV | F56: 357.32273 | G56: 379.10832 | H56: 379.73614 | I56: 379.79351 | J56: 379.96114 | K56: 380.01622 | L56: 380.60848 | M56: 381.3641 | N56: 381.04862 | O56: 389.76735 | P56: 513.44011 | Q56: 789.89866 | R56: 804.81241 | S56: 813.75787 | T56: 857.27387 | U56: 873.65081 | V56: 835.59465 | W56: 824.94435 | X56: 821.75676 | Y56: 797.77112 | Z56: 787.32332 | AA56: 787.1215 | AB56: 788.20641 | AC56: 788.50277 | AD56: 798.42406 | AE56: 866.11676 | AF56: 866.8676 | AG56: 867.97411 | AH56: 859.10051 | AI56: 860.56365 | AJ56: 845.71117
A57: 60PIC479.PV | B57: Outlet Pressure | C57: Barg | E57: 60PIC479.PV | F57: 34.616573 | G57: 34.262489 | H57: 34.250181 | I57: 34.203417 | J57: 34.200162 | K57: 34.201061 | L57: 34.199541 | M57: 34.224757 | N57: 34.241637 | O57: 34.222151 | P57: 34.284351 | Q57: 34.292916 | R57: 34.254257 | S57: 34.249531 | T57: 34.296447 | U57: 34.354783 | V57: 34.387156 | W57: 34.402444 | X57: 34.35421 | Y57: 34.313427 | Z57: 34.299654 | AA57: 34.30599 | AB57: 34.292 | AC57: 34.318879 | AD57: 34.324191 | AE57: 34.317666 | AF57: 34.300539 | AG57: 34.299883 | AH57: 34.299359 | AI57: 34.315367 | AJ57: 34.32041
A58: 60FR020.PV | B58: HP steam export(NOS) | C58: T/Day | E58: 60FR020.PV | F58: 406.52981 | G58: 472.59984 | H58: 480.93525 | I58: 476.09772 | J58: 496.58191 | K58: 555.58056 | L58: 549.59887 | M58: 531.78012 | N58: 539.15317 | O58: 531.01401 | P58: 521.23896 | Q58: 524.98108 | R58: 529.55938 | S58: 526.40571 | T58: 522.77534 | U58: 571.87728 | V58: 602.30528 | W58: 615.7774 | X58: 604.94637 | Y58: 598.79875 | Z58: 580.59698 | AA58: 588.66411 | AB58: 563.55008 | AC58: 557.41143 | AD58: 552.26979 | AE58: 543.30207 | AF58: 553.93616 | AG58: 550.7794 | AH58: 547.41794 | AI58: 562.35127 | AJ58: 574.6772
A59: 60PR024.PV | B59: 0 | C59: Bar g | E59: 60PR024.PV | F59: 46.007677 | G59: 46.000434 | H59: 45.999972 | I59: 45.999694 | J59: 46.002826 | K59: 45.999969 | L59: 45.999859 | M59: 45.998673 | N59: 46.000852 | O59: 45.999294 | P59: 46.000422 | Q59: 46.000094 | R59: 45.999718 | S59: 45.999687 | T59: 46.001871 | U59: 45.999974 | V59: 46.001737 | W59: 45.999569 | X59: 45.999662 | Y59: 45.999131 | Z59: 46.000232 | AA59: 45.999062 | AB59: 45.999876 | AC59: 45.999952 | AD59: 45.999857 | AE59: 46.00004 | AF59: 45.999902 | AG59: 45.999741 | AH59: 45.999558 | AI59: 46.00084 | AJ59: 45.999881
A60: 60TR025.PV | B60: 0 | C60: 0C | E60: 60TR025.PV | F60: 465.50743 | G60: 467.62356 | H60: 468.05502 | I60: 468.60999 | J60: 475.91079 | K60: 485.04945 | L60: 484.95992 | M60: 484.30948 | N60: 486.2649 | O60: 486.31452 | P60: 485.91595 | Q60: 486.40169 | R60: 486.75193 | S60: 484.18273 | T60: 482.51682 | U60: 488.78148 | V60: 488.77765 | W60: 488.75957 | X60: 489.53992 | Y60: 485.83217 | Z60: 484.07676 | AA60: 485.16686 | AB60: 482.80692 | AC60: 482.22279 | AD60: 481.38127 | AE60: 480.39607 | AF60: 481.5675 | AG60: 482.55154 | AH60: 482.72197 | AI60: 483.50604 | AJ60: 484.05495
A61: 60FR011.PV | B61: HP steam to SMR | C61: T/Day | E61: 60FR011.PV | F61: 3089.7898 | G61: 3317.6694 | H61: 3329.2468 | I61: 3323.372 | J61: 3330.2706 | K61: 3348.9433 | L61: 3346.9469 | M61: 3346.0756 | N61: 3291.5067 | O61: 3288.5978 | P61: 3289.45 | Q61: 3287.1881 | R61: 3285.141 | S61: 3314.4321 | T61: 3268.94 | U61: 3051.773 | V61: 2967.278 | W61: 2969.5295 | X61: 3010.6955 | Y61: 3087.8502 | Z61: 3220.847 | AA61: 3236.979 | AB61: 3290.5369 | AC61: 3296.536 | AD61: 3303.5042 | AE61: 3329.9975 | AF61: 3317.3215 | AG61: 3318.2765 | AH61: 3318.3253 | AI61: 3291.9769 | AJ61: 3286.2136
A62: 60FR022.PV | B62: Saturated HP steam from drum | C62: T/Day | E62: 60FR022.PV | F62: 3518.4908 | G62: 3779.5813 | H62: 3801.014 | I62: 3789.5753 | J62: 3799.1281 | K62: 3838.8251 | L62: 3832.981 | M62: 3814.9449 | N62: 3765.555 | O62: 3749.2657 | P62: 3738.6128 | Q62: 3744.0154 | R62: 3748.1471 | S62: 3772.1734 | T62: 3721.7124 | U62: 3545.988 | V62: 3484.5606 | W62: 3500.1978 | X62: 3533.3605 | Y62: 3598.6302 | Z62: 3716.3862 | AA62: 3740.8278 | AB62: 3771.612 | AC62: 3772.1578 | AD62: 3776.2478 | AE62: 3794.2575 | AF62: 3789.1384 | AG62: 3786.9431 | AH62: 3785.2941 | AI62: 3776.3689 | AJ62: 3780.969
A63: 60H-046.MV | B63: HP Steam - imports to Plant | C63: % | E63: 60H-046.MV | F63: 0 | G63: 0 | H63: 0 | I63: 0 | J63: 0 | K63: 0 | L63: 0 | M63: 0 | N63: 0 | O63: 0 | P63: 0 | Q63: 0 | R63: 0 | S63: 0 | T63: 0 | U63: 0 | V63: 0 | W63: 0 | X63: 0 | Y63: 0 | Z63: 0 | AA63: 0 | AB63: 0 | AC63: 0 | AD63: 0 | AE63: 0 | AF63: 0 | AG63: 0 | AH63: 0 | AI63: 0 | AJ63: 0
A64: 60FR075.PV | B64: LPS to Condensate stripper | C64: T/Day | E64: 60FR075.PV | F64: 324.16677 | G64: 332.8945 | H64: 332.44719 | I64: 330.84168 | J64: 298.80792 | K64: 298.77605 | L64: 298.82042 | M64: 298.74244 | N64: 298.66711 | O64: 298.83121 | P64: 298.79455 | Q64: 298.78399 | R64: 298.74263 | S64: 298.7504 | T64: 298.76867 | U64: 298.76957 | V64: 298.37717 | W64: 296.98052 | X64: 298.53844 | Y64: 298.66495 | Z64: 298.79019 | AA64: 298.72486 | AB64: 298.76937 | AC64: 298.78651 | AD64: 298.77842 | AE64: 298.87401 | AF64: 298.77816 | AG64: 298.84264 | AH64: 298.83418 | AI64: 298.80657 | AJ64: 298.84748
A65: 60FR051.PV | B65: LPS to fuel gas heater | C65: T/Day | E65: 60FR051.PV | F65: 11.143606 | G65: 11.909298 | H65: 12.132769 | I65: 12.313771 | J65: 12.371218 | K65: 12.436441 | L65: 12.380815 | M65: 12.243364 | N65: 12.251209 | O65: 12.185227 | P65: 12.359482 | Q65: 12.469432 | R65: 12.614341 | S65: 12.620499 | T65: 12.57884 | U65: 12.273009 | V65: 12.131237 | W65: 12.196934 | X65: 12.282644 | Y65: 12.294593 | Z65: 12.626519 | AA65: 12.731063 | AB65: 12.756675 | AC65: 12.645452 | AD65: 12.630326 | AE65: 12.570786 | AF65: 12.735337 | AG65: 12.896822 | AH65: 12.999094 | AI65: 13.083563 | AJ65: 13.203172
A66: 60FR021.PV | B66: BFW to Steam drum | C66: T/Day | E66: 60FR021.PV | F66: 3389.8588 | G66: 3664.5952 | H66: 3685.7111 | I66: 3675.4643 | J66: 3683.8671 | K66: 3725.7588 | L66: 3719.2906 | M66: 3700.2338 | N66: 3649.8516 | O66: 3637.1915 | P66: 3627.2443 | Q66: 3629.5329 | R66: 3628.844 | S66: 3658.6981 | T66: 3608.7045 | U66: 3425.1375 | V66: 3356.4123 | W66: 3373.1575 | X66: 3403.8483 | Y66: 3475.6761 | Z66: 3600.9721 | AA66: 3625.7115 | AB66: 3658.3314 | AC66: 3658.2126 | AD66: 3660.472 | AE66: 3683.3952 | AF66: 3677.9199 | AG66: 3675.8043 | AH66: 3675.1906 | AI66: 3661.5179 | AJ66: 3667.7345
A67: 60FR017.PV | B67: HBFW to attemperator J-6001 | C67: T/Day | E67: 60FR017.PV | F67: 44.827315 | G67: 65.494207 | H67: 63.429567 | I67: 61.566811 | J67: 57.421626 | K67: 70.260244 | L67: 70.255795 | M67: 70.249288 | N67: 70.263427 | O67: 70.251938 | P67: 70.270092 | Q67: 70.256579 | R67: 70.266172 | S67: 70.258269 | T67: 70.265225 | U67: 73.6383 | V67: 84.991223 | W67: 87.06961 | X67: 87.990798 | Y67: 99.924575 | Z67: 93.319856 | AA67: 89.984683 | AB67: 89.989263 | AC67: 90.00226 | AD67: 89.993978 | AE67: 90.02806 | AF67: 89.400917 | AG67: 85.602063 | AH67: 83.998363 | AI67: 83.999552 | AJ67: 83.997488
A68: 60FR018.PV | B68: HBFW to attemperator J-6002 | C68: T/Day | E68: 60FR018.PV | F68: 64.435585 | G68: 67.717367 | H68: 67.82999 | I68: 68.380182 | J68: 68.623166 | K68: 67.674919 | L68: 67.432784 | M68: 67.401967 | N68: 66.801651 | O68: 66.887274 | P68: 67.393412 | Q68: 66.590572 | R68: 66.67751 | S68: 65.658133 | T68: 64.008958 | U68: 63.437994 | V68: 65.969799 | W68: 67.930464 | X68: 64.19866 | Y68: 68.296173 | Z68: 66.739765 | AA68: 67.012866 | AB68: 67.695306 | AC68: 67.479939 | AD68: 68.602746 | AE68: 68.104212 | AF68: 68.736497 | AG68: 68.272404 | AH68: 69.136759 | AI68: 69.229355 | AJ68: 69.277881
A69: 60FR019.PV | B69: HBFW to attemperator J-6003 | C69: T/Day | E69: 60FR019.PV | F69: 4.7598831 | G69: 4.712043 | H69: 4.7259448 | I69: 4.7466986 | J69: 4.7523989 | K69: 4.7581414 | L69: 4.7565781 | M69: 4.7608677 | N69: 4.781246 | O69: 4.7843024 | P69: 4.798011 | Q69: 4.7949166 | R69: 4.790629 | S69: 4.7638157 | T69: 4.7631618 | U69: 5.6040311 | V69: 6.7571507 | W69: 6.7003962 | X69: 5.2984779 | Y69: 4.8957967 | Z69: 4.8562442 | AA69: 4.8661216 | AB69: 4.8780583 | AC69: 4.8781988 | AD69: 4.8932441 | AE69: 4.8900656 | AF69: 4.8798495 | AG69: 4.8903257 | AH69: 4.9082425 | AI69: 4.9221853 | AJ69: 4.9264733
A70: 60TR059.MV | B70: HBFW to J6005 Valve opening | C70: % | E70: 60TR059.MV | F70: 0 | G70: 0 | H70: 0 | I70: 0 | J70: 0 | K70: 0 | L70: 0 | M70: 0 | N70: 0 | O70: 0 | P70: 0 | Q70: 0 | R70: 0 | S70: 0 | T70: 0 | U70: 0 | V70: 11.701256 | W70: 11.745832 | X70: 0 | Y70: 0 | Z70: 0 | AA70: 0 | AB70: 0 | AC70: 0 | AD70: 0 | AE70: 0 | AF70: 0 | AG70: 0 | AH70: 0 | AI70: 0 | AJ70: 0
A71: 60TR018.MV | B71: HBFW to J6004 Valve opening | C71: % | E71: 60TR018.MV | F71: 0 | G71: 0 | H71: 0 | I71: 0 | J71: 0 | K71: 0 | L71: 0 | M71: 0 | N71: 0 | O71: 0 | P71: 0 | Q71: 0 | R71: 0 | S71: 0 | T71: 0 | U71: 0 | V71: 0 | W71: 0 | X71: 0 | Y71: 0 | Z71: 0 | AA71: 0 | AB71: 0 | AC71: 0 | AD71: 0 | AE71: 0 | AF71: 0 | AG71: 0 | AH71: 0 | AI71: 0 | AJ71: 0
A72: 60FR074.PV | B72: Stripper Condensate | C72: T/Day | E72: 60FR074.PV | F72: 2445.7615 | G72: 2592.9167 | H72: 2607.2226 | I72: 2604.6074 | J72: 2568.9386 | K72: 2566.8859 | L72: 2570.6018 | M72: 2580.0588 | N72: 2542.7899 | O72: 2541.2837 | P72: 2542.5555 | Q72: 2541.1199 | R72: 2543.151 | S72: 2560.1592 | T72: 2539.184 | U72: 2379.996 | V72: 2324.3468 | W72: 2309.2366 | X72: 2347.8989 | Y72: 2401.6364 | Z72: 2491.4468 | AA72: 2500.6149 | AB72: 2560.1545 | AC72: 2566.5906 | AD72: 2573.7696 | AE72: 2596.5063 | AF72: 2582.6453 | AG72: 2581.6057 | AH72: 2582.9486 | AI72: 2559.6359 | AJ72: 2549.935
A73: 61FIA005.PV | B73: Potable Water to HPSA CTower | C73: T/Day | E73: 61FIA005.PV
A74: 900FRS005.PV | B74: HP steam distribution | E74: 927QR111.PV | F74: 7.7279661 | G74: 7.7303224 | H74: 7.3125413 | I74: 7.3564318 | J74: 7.3837764 | K74: 7.4697811 | L74: 7.523999 | M74: 7.5938149 | N74: 7.9582365 | O74: 8.6289094 | P74: 8.4682453 | Q74: 8.4405055 | R74: 8.6526505 | S74: 8.6225012 | T74: 8.6996619 | U74: 8.7913845 | V74: 8.8410992 | W74: 8.9198276 | X74: 8.819616 | Y74: 8.7267449 | Z74: 8.7498651 | AA74: 8.8039731 | AB74: 8.7858127 | AC74: 8.9024446 | AD74: 9.0131642 | AE74: 8.7480459 | AF74: 8.742151 | AG74: 8.7511442 | AH74: 8.5309401 | AI74: 8.2720674 | AJ74: 8.2636324
A75: 927QR111.PV | B75: N2 | E75: 927QR112.PV | F75: 88.147259 | G75: 88.277516 | H75: 89.174941 | I75: 89.15497 | J75: 89.087316 | K75: 89.00332 | L75: 89.023176 | M75: 88.822128 | N75: 88.550442 | O75: 87.922169 | P75: 88.099636 | Q75: 88.101177 | R75: 87.861881 | S75: 87.966368 | T75: 88.160841 | U75: 87.706284 | V75: 87.750786 | W75: 87.611236 | X75: 87.675748 | Y75: 87.682348 | Z75: 87.782026 | AA75: 87.759341 | AB75: 87.788837 | AC75: 87.555786 | AD75: 87.437296 | AE75: 87.761213 | AF75: 87.911582 | AG75: 87.912939 | AH75: 88.202013 | AI75: 88.576868 | AJ75: 88.838071
A76: 927QR112.PV | B76: C1 | E76: 927QR113.PV | F76: 0.0010768107 | G76: 0.00042777948 | H76: 0.00025636045 | I76: 0.00055366194 | J76: 0.00028491859 | K76: 0.00027200351 | L76: 0.00025433332 | M76: 0.0002821697 | N76: 0.00025001161 | O76: 0.00037049383 | P76: 0.00029520642 | Q76: 0.00032666959 | R76: 0.012606925 | S76: 0.028957563 | T76: 0.044135323 | U76: 0.065875687 | V76: 0.075131448 | W76: 0.083312904 | X76: 0.088734973 | Y76: 0.10794991 | Z76: 0.074438532 | AA76: 0.075787048 | AB76: 0.10760653 | AC76: 0.12220989 | AD76: 0.13966364 | AE76: 0.11098188 | AF76: 0.10106534 | AG76: 0.10620566 | AH76: 0.10317431 | AI76: 0.04396149 | AJ76: 0.01091005
A77: 927QR113.PV | B77: CO2 | E77: 927QR115.PV | F77: 2.13524 | G77: 2.1452693 | H77: 1.8485042 | I77: 1.8353207 | J77: 1.7642152 | K77: 1.8074712 | L77: 1.7921236 | M77: 1.916892 | N77: 1.8594962 | O77: 1.7337593 | P77: 1.7331548 | Q77: 1.757584 | R77: 1.7862935 | S77: 1.7103669 | T77: 1.7539248 | U77: 1.7266014 | V77: 1.6779371 | W77: 1.6599944 | X77: 1.7070012 | Y77: 1.7345855 | Z77: 1.7317852 | AA77: 1.7584887 | AB77: 1.717719 | AC77: 1.7291252 | AD77: 1.6166292 | AE77: 1.6101673 | AF77: 1.6303502 | AG77: 1.6191265 | AH77: 1.5368326 | AI77: 1.4778264 | AJ77: 1.4172751
A78: 927QR115.PV | B78: C2 | E78: 927QR114.PV | F78: 0.27931194 | G78: 0.28543725 | H78: 0.26994799 | I78: 0.27048602 | J78: 0.26941204 | K78: 0.27069062 | L78: 0.27269587 | M78: 0.27296589 | N78: 0.28161823 | O78: 0.29582079 | P78: 0.29528237 | Q78: 0.29291077 | R78: 0.29960904 | S78: 0.2978591 | T78: 0.37689055 | U78: 0.29750035 | V78: 0.29885751 | W78: 0.30222185 | X78: 0.30067724 | Y78: 0.30161636 | Z78: 0.2965941 | AA78: 0.31349443 | AB78: 0.30776991 | AC78: 0.30877148 | AD78: 0.30414709 | AE78: 0.29562546 | AF78: 0.29928224 | AG78: 0.29449546 | AH78: 0.26998984 | AI78: 0.24899655 | AJ78: 0.23273979
A79: 927QR114.PV | B79: C3 | E79: 927QR116.PV | F79: 0.054195789 | G79: 0.055449643 | H79: 0.052345704 | I79: 0.052701321 | J79: 0.052325069 | K79: 0.052821589 | L79: 0.053743392 | M79: 0.053758842 | N79: 0.05650704 | O79: 0.061867883 | P79: 0.061092107 | Q79: 0.060387434 | R79: 0.062296621 | S79: 0.061917821 | T79: 0.060835631 | U79: 0.061299822 | V79: 0.061555317 | W79: 0.062449337 | X79: 0.061113983 | Y79: 0.06144145 | Z79: 0.061038451 | AA79: 0.063301276 | AB79: 0.06263331 | AC79: 0.063526502 | AD79: 0.062970491 | AE79: 0.060993916 | AF79: 0.060527213 | AG79: 0.059758559 | AH79: 0.054877543 | AI79: 0.04951486 | AJ79: 0.047352106
A80: 927QR116.PV | B80: iC4 | E80: 927QR117.PV | F80: 0.081152857 | G80: 0.08247251 | H80: 0.077388773 | I80: 0.077781541 | J80: 0.077204572 | K80: 0.078175445 | L80: 0.078830257 | M80: 0.078056082 | N80: 0.081791966 | O80: 0.089047453 | P80: 0.088777518 | Q80: 0.087248205 | R80: 0.090397641 | S80: 0.089986254 | T80: 0.088595002 | U80: 0.089053306 | V80: 0.088910167 | W80: 0.090099467 | X80: 0.090140373 | Y80: 0.090932835 | Z80: 0.088430627 | AA80: 0.092886585 | AB80: 0.091350502 | AC80: 0.091589146 | AD80: 0.091446626 | AE80: 0.08854195 | AF80: 0.088308479 | AG80: 0.087674361 | AH80: 0.078536969 | AI80: 0.0713222 | AJ80: 0.066273841
A81: 927QR117.PV | B81: nC4 | E81: 927QR118.PV | F81: 0.097025171 | G81: 0.10012799 | H81: 0.094340846 | I81: 0.094290205 | J81: 0.094132407 | K81: 0.095121002 | L81: 0.097070028 | M81: 0.096668019 | N81: 0.10161223 | O81: 0.11351589 | P81: 0.11144794 | Q81: 0.10995941 | R81: 0.11235251 | S81: 0.11091227 | T81: 0.10912004 | U81: 0.10974813 | V81: 0.10980161 | W81: 0.11100353 | X81: 0.10911132 | Y81: 0.10942069 | Z81: 0.1085446 | AA81: 0.11107362 | AB81: 0.11250261 | AC81: 0.1126606 | AD81: 0.1118098 | AE81: 0.10873399 | AF81: 0.10710347 | AG81: 0.10613308 | AH81: 0.096723099 | AI81: 0.088096902 | AJ81: 0.082572192
A82: 927QR118.PV | B82: C5 | E82: 60QR111.PV | F82: 0.03132974 | G82: 0.035078353 | H82: 0.028477921 | I82: 0.02693345 | J82: 0.024942702 | K82: 0.016983322 | L82: 0.013515952 | M82: 0.016112851 | N82: 0.018379833 | O82: 0.023406226 | P82: 0.024353329 | Q82: 0.022124493 | R82: 0.016653491 | S82: 0.017729698 | T82: 0.018411005 | U82: 0.018328958 | V82: 0.018136384 | W82: 0.0265303 | X82: 0.027263057 | Y82: 0.025760917 | Z82: 0.029011191 | AA82: 0.025039888 | AB82: 1.4476075 | AC82: 3.0396199 | AD82: 3.0396199 | AE82: 3.0396199 | AF82: 1.8732249 | AG82: 1.119698 | AH82: 1.149436 | AI82: 1.1696172 | AJ82: 1.1874019
A83: 60QR111.PV | E83: 61QIA011TX.PV
A84: 61QIA011TX.PV | E84: 61QIA012TX.PV
A85: 61QIA012TX.PV | E85: 61QIA013TX.PV
A86: 61QIA013TX.PV | E86: 61QIA010-H2CAL.CPV | J86: 99.802078 | K86: 99.802078 | L86: 99.802078 | M86: 99.802078 | N86: 99.802078 | O86: 99.802078 | P86: 99.802078 | Q86: 99.802078 | R86: 99.802078 | S86: 99.802078 | T86: 99.802078 | U86: 99.802078 | V86: 99.802078 | W86: 99.802078 | X86: 99.802078 | Y86: 99.802078 | Z86: 99.802078 | AA86: 99.802078 | AB86: 99.802078 | AC86: 99.802078 | AD86: 99.802078 | AE86: 99.802078 | AF86: 99.802078 | AG86: 99.802078 | AH86: 99.802078 | AI86: 99.802078 | AJ86: 99.802078
A87: 61QIA010-H2CAL.CPV | E87: 0
E88: 0
E89: 0
E90: 0
E91: 0
E92: 0
E93: 0
E94: 0
E95: 0
E96: 0
E97: 0
E98: 0
E99: 0

Sheet Daily Report
A1: BHIG/SASREF DAILY REPORT Date DD/MM/YYYY | H1: Monthly Records | I1: ='DCS Data'!F$2 -> 45931 | K1: ='DCS Data'!G$2 -> 45932 | L1: ='DCS Data'!H$2 -> 45933 | M1: ='DCS Data'!I$2 -> 45934 | N1: ='DCS Data'!J$2 -> 45935 | O1: ='DCS Data'!K$2 -> 45936 | P1: ='DCS Data'!L$2 -> 45937 | Q1: ='DCS Data'!M$2 -> 45938 | R1: ='DCS Data'!N$2 -> 45939 | ... AN1: ='DCS Data'!AJ$2 -> 45961
A2: Parameter | B2: Previous Tag | C2: Current Tag | E2: UOM | F2: HMB
A3: Plant load | E3: % | G3: monthly_calc_plant_load | H3: =AVERAGE(I3:AN3) -> 84.244127 | I3: =((I6)/$F$6)*100 -> 77.724796 | K3: =((K6)/$F$6)*100 -> 86.087509 | L3: =((L6)/$F$6)*100 -> 85.230091 | M3: =((M6)/$F$6)*100 -> 84.945966 | N3: =((N6)/$F$6)*100 -> 85.752281 | O3: =((O6)/$F$6)*100 -> 86.519915 | P3: =((P6)/$F$6)*100 -> 85.86178 | Q3: =((Q6)/$F$6)*100 -> 84.487894 | R3: =((R6)/$F$6)*100 -> 83.65558 | ... AN3: =((AN6)/$F$6)*100 -> 86.743895
A4: Operation Hours | E4: Hrs | F4: 24 | G4: monthly_operation_hours | H4: =SUM(I4:AN4) -> 744 | I4: 24 | K4: 24 | L4: 24 | M4: 24 | N4: 24 | O4: 24 | P4: 24 | Q4: 24 | R4: 24 | S4: 24 | T4: 24 | U4: 24 | V4: 24 | W4: 24 | X4: 24 | Y4: 24 | Z4: 24 | AA4: 24 | AB4: 24 | AC4: 24 | AD4: 24 | AE4: 24 | AF4: 24 | AG4: 24 | AH4: 24 | AI4: 24 | AJ4: 24 | AK4: 24 | AL4: 24 | AM4: 24 | AN4: 24
A5: Sales gas from battery limit | B5: 60FR001.RAW | C5: 60FQI001 | D5: 60FQI001 | E5: T/Day | F5: 1059.5 | G5: monthly_60FQI001 | H5: =SUM(I5:AN5) -> 24244.797 | I5: =VLOOKUP($B5,'DCS Data'!$E$2:$AJ$100,MATCH('Daily Report'!I$1,'DCS Data'!$E$2:$AJ$2,0),0) -> 715.80968 | K5: =VLOOKUP($B5,'DCS Data'!$E$2:$AJ$100,MATCH('Daily Report'!K$1,'DCS Data'!$E$2:$AJ$2,0),0) -> 784.31892 | L5: =VLOOKUP($B5,'DCS Data'!$E$2:$AJ$100,MATCH('Daily Report'!L$1,'DCS Data'!$E$2:$AJ$2,0),0) -> 779.28195 | M5: =VLOOKUP($B5,'DCS Data'!$E$2:$AJ$100,MATCH('Daily Report'!M$1,'DCS Data'!$E$2:$AJ$2,0),0) -> 776.80468 | N5: =VLOOKUP($B5,'DCS Data'!$E$2:$AJ$100,MATCH('Daily Report'!N$1,'DCS Data'!$E$2:$AJ$2,0),0) -> 784.98245 | O5: =VLOOKUP($B5,'DCS Data'!$E$2:$AJ$100,MATCH('Daily Report'!O$1,'DCS Data'!$E$2:$AJ$2,0),0) -> 796.34249 | P5: =VLOOKUP($B5,'DCS Data'!$E$2:$AJ$100,MATCH('Daily Report'!P$1,'DCS Data'!$E$2:$AJ$2,0),0) -> 792.25577 | Q5: =VLOOKUP($B5,'DCS Data'!$E$2:$AJ$100,MATCH('Daily Report'!Q$1,'DCS Data'!$E$2:$AJ$2,0),0) -> 782.73467 | R5: =VLOOKUP($B5,'DCS Data'!$E$2:$AJ$100,MATCH('Daily Report'!R$1,'DCS Data'!$E$2:$AJ$2,0),0) -> 777.76313 | ... AN5: =VLOOKUP($B5,'DCS Data'!$E$2:$AJ$100,MATCH('Daily Report'!AN$1,'DCS Data'!$E$2:$AJ$2,0),0) -> 803.1188
A6: Sales gas to feed | B6: 60FR005.RAW | C6: 60FQI005 | D6: 60FQI005 | E6: T/Day | F6: 651.6 | G6: monthly_60FQI005 | H6: =SUM(I6:AN6) -> 17016.977 | I6: =VLOOKUP($B6,'DCS Data'!$E$2:$AJ$100,MATCH('Daily Report'!I$1,'DCS Data'!$E$2:$AJ$2,0),0) -> 506.45477 | K6: =VLOOKUP($B6,'DCS Data'!$E$2:$AJ$100,MATCH('Daily Report'!K$1,'DCS Data'!$E$2:$AJ$2,0),0) -> 560.94621 | L6: =VLOOKUP($B6,'DCS Data'!$E$2:$AJ$100,MATCH('Daily Report'!L$1,'DCS Data'!$E$2:$AJ$2,0),0) -> 555.35927 | M6: =VLOOKUP($B6,'DCS Data'!$E$2:$AJ$100,MATCH('Daily Report'!M$1,'DCS Data'!$E$2:$AJ$2,0),0) -> 553.50791 | N6: =VLOOKUP($B6,'DCS Data'!$E$2:$AJ$100,MATCH('Daily Report'!N$1,'DCS Data'!$E$2:$AJ$2,0),0) -> 558.76186 | O6: =VLOOKUP($B6,'DCS Data'!$E$2:$AJ$100,MATCH('Daily Report'!O$1,'DCS Data'!$E$2:$AJ$2,0),0) -> 563.76377 | P6: =VLOOKUP($B6,'DCS Data'!$E$2:$AJ$100,MATCH('Daily Report'!P$1,'DCS Data'!$E$2:$AJ$2,0),0) -> 559.47536 | Q6: =VLOOKUP($B6,'DCS Data'!$E$2:$AJ$100,MATCH('Daily Report'!Q$1,'DCS Data'!$E$2:$AJ$2,0),0) -> 550.52312 | R6: =VLOOKUP($B6,'DCS Data'!$E$2:$AJ$100,MATCH('Daily Report'!R$1,'DCS Data'!$E$2:$AJ$2,0),0) -> 545.09976 | ... AN6: =VLOOKUP($B6,'DCS Data'!$E$2:$AJ$100,MATCH('Daily Report'!AN$1,'DCS Data'!$E$2:$AJ$2,0),0) -> 565.22322
A7: Feed to Mix point | B7: 60FR009.PV | C7: 60FQI009 | D7: 60FQI009 | E7: T/Day | F7: =F6+F57 -> 655.1 | G7: monthly_60FQI009 | H7: =SUM(I7:AN7) -> 15580.764 | I7: =VLOOKUP($B7,'DCS Data'!$E$2:$AJ$100,MATCH('Daily Report'!I$1,'DCS Data'!$E$2:$AJ$2,0),0) -> 475.72454 | K7: =VLOOKUP($B7,'DCS Data'!$E$2:$AJ$100,MATCH('Daily Report'!K$1,'DCS Data'!$E$2:$AJ$2,0),0) -> 516.54061 | L7: =VLOOKUP($B7,'DCS Data'!$E$2:$AJ$100,MATCH('Daily Report'!L$1,'DCS Data'!$E$2:$AJ$2,0),0) -> 512.95876 | M7: =VLOOKUP($B7,'DCS Data'!$E$2:$AJ$100,MATCH('Daily Report'!M$1,'DCS Data'!$E$2:$AJ$2,0),0) -> 511.42111 | N7: =VLOOKUP($B7,'DCS Data'!$E$2:$AJ$100,MATCH('Daily Report'!N$1,'DCS Data'!$E$2:$AJ$2,0),0) -> 515.50557 | O7: =VLOOKUP($B7,'DCS Data'!$E$2:$AJ$100,MATCH('Daily Report'!O$1,'DCS Data'!$E$2:$AJ$2,0),0) -> 521.90849 | P7: =VLOOKUP($B7,'DCS Data'!$E$2:$AJ$100,MATCH('Daily Report'!P$1,'DCS Data'!$E$2:$AJ$2,0),0) -> 518.61879 | Q7: =VLOOKUP($B7,'DCS Data'!$E$2:$AJ$100,MATCH('Daily Report'!Q$1,'DCS Data'!$E$2:$AJ$2,0),0) -> 510.02094 | R7: =VLOOKUP($B7,'DCS Data'!$E$2:$AJ$100,MATCH('Daily Report'!R$1,'DCS Data'!$E$2:$AJ$2,0),0) -> 503.76427 | ... AN7: =VLOOKUP($B7,'DCS Data'!$E$2:$AJ$100,MATCH('Daily Report'!AN$1,'DCS Data'!$E$2:$AJ$2,0),0) -> 513.36321
A8: Sales gas to fuel | B8: 60FR049.RAW | C8: 60FQI049 | D8: 60FQI049 | E8: T/Day | F8: 407.9 | G8: monthly_60FQI049 | H8: =SUM(I8:AN8) -> 10190.959 | I8: =VLOOKUP($B8,'DCS Data'!$E$2:$AJ$100,MATCH('Daily Report'!I$1,'DCS Data'!$E$2:$AJ$2,0),0) -> 296.67809 | K8: =VLOOKUP($B8,'DCS Data'!$E$2:$AJ$100,MATCH('Daily Report'!K$1,'DCS Data'!$E$2:$AJ$2,0),0) -> 321.30663 | L8: =VLOOKUP($B8,'DCS Data'!$E$2:$AJ$100,MATCH('Daily Report'!L$1,'DCS Data'!$E$2:$AJ$2,0),0) -> 320.61102 | M8: =VLOOKUP($B8,'DCS Data'!$E$2:$AJ$100,MATCH('Daily Report'!M$1,'DCS Data'!$E$2:$AJ$2,0),0) -> 319.78336 | N8: =VLOOKUP($B8,'DCS Data'!$E$2:$AJ$100,MATCH('Daily Report'!N$1,'DCS Data'!$E$2:$AJ$2,0),0) -> 323.75165 | O8: =VLOOKUP($B8,'DCS Data'!$E$2:$AJ$100,MATCH('Daily Report'!O$1,'DCS Data'!$E$2:$AJ$2,0),0) -> 331.00161 | P8: =VLOOKUP($B8,'DCS Data'!$E$2:$AJ$100,MATCH('Daily Report'!P$1,'DCS Data'!$E$2:$AJ$2,0),0) -> 330.32328 | Q8: =VLOOKUP($B8,'DCS Data'!$E$2:$AJ$100,MATCH('Daily Report'!Q$1,'DCS Data'!$E$2:$AJ$2,0),0) -> 328.08213 | R8: =VLOOKUP($B8,'DCS Data'!$E$2:$AJ$100,MATCH('Daily Report'!R$1,'DCS Data'!$E$2:$AJ$2,0),0) -> 327.44884 | ... AN8: =VLOOKUP($B8,'DCS Data'!$E$2:$AJ$100,MATCH('Daily Report'!AN$1,'DCS Data'!$E$2:$AJ$2,0),0) -> 336.56865
A9: Sales gas to fuel | B9: 60FR053.PV | C9: 60FQI053 | D9: 60FQI053 | E9: T/Day | F9: 407.9 | G9: monthly_60FQI053 | H9: =SUM(I9:AN9) -> 11136.04 | I9: =VLOOKUP($B9,'DCS Data'!$E$2:$AJ$100,MATCH('Daily Report'!I$1,'DCS Data'!$E$2:$AJ$2,0),0) -> 326.39421 | K9: =VLOOKUP($B9,'DCS Data'!$E$2:$AJ$100,MATCH('Daily Report'!K$1,'DCS Data'!$E$2:$AJ$2,0),0) -> 353.46819 | L9: =VLOOKUP($B9,'DCS Data'!$E$2:$AJ$100,MATCH('Daily Report'!L$1,'DCS Data'!$E$2:$AJ$2,0),0) -> 353.48294 | M9: =VLOOKUP($B9,'DCS Data'!$E$2:$AJ$100,MATCH('Daily Report'!M$1,'DCS Data'!$E$2:$AJ$2,0),0) -> 352.80551 | N9: =VLOOKUP($B9,'DCS Data'!$E$2:$AJ$100,MATCH('Daily Report'!N$1,'DCS Data'!$E$2:$AJ$2,0),0) -> 357.10757 | O9: =VLOOKUP($B9,'DCS Data'!$E$2:$AJ$100,MATCH('Daily Report'!O$1,'DCS Data'!$E$2:$AJ$2,0),0) -> 364.87162 | P9: =VLOOKUP($B9,'DCS Data'!$E$2:$AJ$100,MATCH('Daily Report'!P$1,'DCS Data'!$E$2:$AJ$2,0),0) -> 364.13954 | Q9: =VLOOKUP($B9,'DCS Data'!$E$2:$AJ$100,MATCH('Daily Report'!Q$1,'DCS Data'!$E$2:$AJ$2,0),0) -> 361.05856 | R9: =VLOOKUP($B9,'DCS Data'!$E$2:$AJ$100,MATCH('Daily Report'!R$1,'DCS Data'!$E$2:$AJ$2,0),0) -> 359.30059 | ... AN9: =VLOOKUP($B9,'DCS Data'!$E$2:$AJ$100,MATCH('Daily Report'!AN$1,'DCS Data'!$E$2:$AJ$2,0),0) -> 367.36664
A10: Sales Gas Average M.Wt | E10: T/Tmole | F10: 17.44 | G10: monthly_ | H10: =AVERAGE(I10:AN10) -> 17.316002 | I10: =Analysis!J12 -> 17.217801 | K10: =Analysis!L12 -> 17.24852 | L10: =Analysis!M12 -> 17.170369 | M10: =Analysis!N12 -> 17.176262 | N10: =Analysis!O12 -> 17.150428 | O10: =Analysis!P12 -> 17.176176 | P10: =Analysis!Q12 -> 17.193132 | Q10: =Analysis!R12 -> 17.217357 | R10: =Analysis!S12 -> 17.269731 | ... AN10: =Analysis!AO12 -> 17.223493
A11: HHV | B11: 927QR119.PV | C11: 927QR119 | D11: avg_hhv | E11: btu/scf | F11: 939.07 | G11: monthly_avg_hhv | H11: =AVERAGE(I11:AN11) -> 949.04456 | I11: =VLOOKUP($B11,'DCS Data'!$E$2:$AJ$100,MATCH('Daily Report'!I$1,'DCS Data'!$E$2:$AJ$2,0),0) -> 958.39106 | K11: =VLOOKUP($B11,'DCS Data'!$E$2:$AJ$100,MATCH('Daily Report'!K$1,'DCS Data'!$E$2:$AJ$2,0),0) -> 958.70493 | L11: =VLOOKUP($B11,'DCS Data'!$E$2:$AJ$100,MATCH('Daily Report'!L$1,'DCS Data'!$E$2:$AJ$2,0),0) -> 960.17631 | M11: =VLOOKUP($B11,'DCS Data'!$E$2:$AJ$100,MATCH('Daily Report'!M$1,'DCS Data'!$E$2:$AJ$2,0),0) -> 959.67176 | N11: =VLOOKUP($B11,'DCS Data'!$E$2:$AJ$100,MATCH('Daily Report'!N$1,'DCS Data'!$E$2:$AJ$2,0),0) -> 958.7671 | O11: =VLOOKUP($B11,'DCS Data'!$E$2:$AJ$100,MATCH('Daily Report'!O$1,'DCS Data'!$E$2:$AJ$2,0),0) -> 958.31932 | P11: =VLOOKUP($B11,'DCS Data'!$E$2:$AJ$100,MATCH('Daily Report'!P$1,'DCS Data'!$E$2:$AJ$2,0),0) -> 957.79165 | Q11: =VLOOKUP($B11,'DCS Data'!$E$2:$AJ$100,MATCH('Daily Report'!Q$1,'DCS Data'!$E$2:$AJ$2,0),0) -> 957.99171 | R11: =VLOOKUP($B11,'DCS Data'!$E$2:$AJ$100,MATCH('Daily Report'!R$1,'DCS Data'!$E$2:$AJ$2,0),0) -> 954.28132 | ... AN11: =VLOOKUP($B11,'DCS Data'!$E$2:$AJ$100,MATCH('Daily Report'!AN$1,'DCS Data'!$E$2:$AJ$2,0),0) -> 946.04552
D12: calc_HHV_927QR119 | E12: btu/nm3 | F12: =F11*38.0440529671749 -> 35726.029 | G12: monthly_calc_HHV_927QR119 | H12: =AVERAGE(I12:AN12) -> 36105.501 | I12: =I11*38.0440529671749 -> 36461.08 | K12: =K11*38.0440529671749 -> 36473.021 | L12: =L11*38.0440529671749 -> 36528.998 | M12: =M11*38.0440529671749 -> 36509.803 | N12: =N11*38.0440529671749 -> 36475.386 | O12: =O11*38.0440529671749 -> 36458.351 | P12: =P11*38.0440529671749 -> 36438.276 | Q12: =Q11*38.0440529671749 -> 36445.887 | R12: =R11*38.0440529671749 -> 36304.729 | ... AN12: =AN11*38.0440529671749 -> 35991.406
A13: Heating value from ARAMCO Metering HHV | D13: calc_Heating_Value_Metering_HHV | E13: btu/nm3 | G13: monthly_calc_Heating_Value_Metering_HHV | H13: =AVERAGE(I13:AN13) -> 35799.454 | I13: =I14*38.0440529671749 -> 35799.454 | K13: =K14*38.0440529671749 -> 35799.454 | L13: =L14*38.0440529671749 -> 35799.454 | M13: =M14*38.0440529671749 -> 35799.454 | N13: =N14*38.0440529671749 -> 35799.454 | O13: =O14*38.0440529671749 -> 35799.454 | P13: =P14*38.0440529671749 -> 35799.454 | Q13: =Q14*38.0440529671749 -> 35799.454 | R13: =R14*38.0440529671749 -> 35799.454 | ... AN13: =AN14*38.0440529671749 -> 35799.454
A14: Heating value from ARAMCO Metering HHV | E14: btu/SCF | G14: monthly_heating_value | H14: 941 | I14: =$H$14 -> 941 | K14: =$H$14 -> 941 | L14: =$H$14 -> 941 | M14: =$H$14 -> 941 | N14: =$H$14 -> 941 | O14: =$H$14 -> 941 | P14: =$H$14 -> 941 | Q14: =$H$14 -> 941 | R14: =$H$14 -> 941 | ... AN14: =$H$14 -> 941
A15: SELECTED HHV | D15: calc_Heating_Value_Metering_HHV | E15: btu/nm3 | G15: monthly_calc_Heating_Value_Metering_HHV | H15: =AVERAGE(I15:AN15) -> 35799.454 | I15: =I13 -> 35799.454 | K15: =K13 -> 35799.454 | L15: =L13 -> 35799.454 | M15: =M13 -> 35799.454 | N15: =N13 -> 35799.454 | O15: =O13 -> 35799.454 | P15: =P13 -> 35799.454 | Q15: =Q13 -> 35799.454 | R15: =R13 -> 35799.454 | ... AN15: =AN13 -> 35799.454
A16: Sales gas Feed Enegy rate | D16: calc_Sales_gas_Feed_Energy_Rate_MMBTU_Day | E16: MMBTU/Day | G16: monthly_calc_Sales_gas_Feed_Energy_Rate_MMBTU_Day | H16: =SUM(I16:AN16) -> 717033.45 | I16: =I15*((I7-I57)*1000/(I10/22.414))/1000000 -> 22007.304 | K16: =K15*((K7-K57)*1000/(K10/22.414))/1000000 -> 23866.899 | L16: =L15*((L7-L57)*1000/(L10/22.414))/1000000 -> 23808.132 | M16: =M15*((M7-M57)*1000/(M10/22.414))/1000000 -> 23728.115 | N16: =N15*((N7-N57)*1000/(N10/22.414))/1000000 -> 23954.961 | O16: =O15*((O7-O57)*1000/(O10/22.414))/1000000 -> 24218.174 | P16: =P15*((P7-P57)*1000/(P10/22.414))/1000000 -> 24040.766 | Q16: =Q15*((Q7-Q57)*1000/(Q10/22.414))/1000000 -> 23606.245 | R16: =R15*((R7-R57)*1000/(R10/22.414))/1000000 -> 23243.939 | ... AN16: =AN15*((AN7-AN57)*1000/(AN10/22.414))/1000000 -> 23753.54
A17: Sales gas Fuel Enegy rate | D17: calc_Sales_gas_Fuel_Energy_Rate_MMBTU_Day | E17: MMBTU/Day | G17: monthly_calc_Sales_gas_Fuel_Energy_Rate_MMBTU_Day | H17: =SUM(I17:AN17) -> 472230.67 | I17: =I15*(I8*1000/(I10/22.414))/1000000 -> 13826.223 | K17: =K15*(K8*1000/(K10/22.414))/1000000 -> 14947.33 | L17: =L15*(L8*1000/(L10/22.414))/1000000 -> 14982.855 | M17: =M15*(M8*1000/(M10/22.414))/1000000 -> 14939.05 | N17: =N15*(N8*1000/(N10/22.414))/1000000 -> 15147.215 | O17: =O15*(O8*1000/(O10/22.414))/1000000 -> 15463.201 | P17: =P15*(P8*1000/(P10/22.414))/1000000 -> 15416.293 | Q17: =Q15*(Q8*1000/(Q10/22.414))/1000000 -> 15290.154 | R17: =R15*(R8*1000/(R10/22.414))/1000000 -> 15214.358 | ... AN17: =AN15*(AN8*1000/(AN10/22.414))/1000000 -> 15680.078
A18: Total Sales gas Enegy rate (AF SalesGas) | D18: calc_Total_Sales_gas_Energy_rate | E18: MMBTU/Day | G18: monthly_calc_Total_Sales_gas_Energy_rate | H18: =SUM(I18:AN18) -> 1189264.1 | I18: =I17+I16 -> 35833.527 | K18: =K17+K16 -> 38814.229 | L18: =L17+L16 -> 38790.987 | M18: =M17+M16 -> 38667.165 | N18: =N17+N16 -> 39102.176 | O18: =O17+O16 -> 39681.375 | P18: =P17+P16 -> 39457.059 | Q18: =Q17+Q16 -> 38896.399 | R18: =R17+R16 -> 38458.297 | ... AN18: =AN17+AN16 -> 39433.617
A19: Fresh Gas from sulfinol absorber | B19: 60FR038.RAW | C19: 60FQI038 | D19: 60FQI038 | E19: T/Day | F19: 413.17 | G19: monthly_60FQI038 | H19: =SUM(I19:AN19) -> 10120.674 | I19: =VLOOKUP($B19,'DCS Data'!$E$2:$AJ$100,MATCH('Daily Report'!I$1,'DCS Data'!$E$2:$AJ$2,0),0) -> 304.7117 | K19: =VLOOKUP($B19,'DCS Data'!$E$2:$AJ$100,MATCH('Daily Report'!K$1,'DCS Data'!$E$2:$AJ$2,0),0) -> 334.80949 | L19: =VLOOKUP($B19,'DCS Data'!$E$2:$AJ$100,MATCH('Daily Report'!L$1,'DCS Data'!$E$2:$AJ$2,0),0) -> 333.98059 | M19: =VLOOKUP($B19,'DCS Data'!$E$2:$AJ$100,MATCH('Daily Report'!M$1,'DCS Data'!$E$2:$AJ$2,0),0) -> 332.17693 | N19: =VLOOKUP($B19,'DCS Data'!$E$2:$AJ$100,MATCH('Daily Report'!N$1,'DCS Data'!$E$2:$AJ$2,0),0) -> 335.66792 | O19: =VLOOKUP($B19,'DCS Data'!$E$2:$AJ$100,MATCH('Daily Report'!O$1,'DCS Data'!$E$2:$AJ$2,0),0) -> 337.06501 | P19: =VLOOKUP($B19,'DCS Data'!$E$2:$AJ$100,MATCH('Daily Report'!P$1,'DCS Data'!$E$2:$AJ$2,0),0) -> 335.78726 | Q19: =VLOOKUP($B19,'DCS Data'!$E$2:$AJ$100,MATCH('Daily Report'!Q$1,'DCS Data'!$E$2:$AJ$2,0),0) -> 330.61216 | R19: =VLOOKUP($B19,'DCS Data'!$E$2:$AJ$100,MATCH('Daily Report'!R$1,'DCS Data'!$E$2:$AJ$2,0),0) -> 326.62464 | ... AN19: =VLOOKUP($B19,'DCS Data'!$E$2:$AJ$100,MATCH('Daily Report'!AN$1,'DCS Data'!$E$2:$AJ$2,0),0) -> 336.5901
A20: Fresh gas to flare (Flare Payment) XOH | B20: 60FR045.RAW | C20: 60FQI045 | D20: 60FQI045 | E20: T/Day | F20: 0 | G20: monthly_60FQI045 | H20: =SUM(I20:AN20) -> 661.51291 | I20: =VLOOKUP($B20,'DCS Data'!$E$2:$AJ$100,MATCH('Daily Report'!I$1,'DCS Data'!$E$2:$AJ$2,0),0) -> 16.076682 | K20: =VLOOKUP($B20,'DCS Data'!$E$2:$AJ$100,MATCH('Daily Report'!K$1,'DCS Data'!$E$2:$AJ$2,0),0) -> 15.097068 | L20: =VLOOKUP($B20,'DCS Data'!$E$2:$AJ$100,MATCH('Daily Report'!L$1,'DCS Data'!$E$2:$AJ$2,0),0) -> 14.873856 | M20: =VLOOKUP($B20,'DCS Data'!$E$2:$AJ$100,MATCH('Daily Report'!M$1,'DCS Data'!$E$2:$AJ$2,0),0) -> 14.599687 | N20: =VLOOKUP($B20,'DCS Data'!$E$2:$AJ$100,MATCH('Daily Report'!N$1,'DCS Data'!$E$2:$AJ$2,0),0) -> 14.090603 | O20: =VLOOKUP($B20,'DCS Data'!$E$2:$AJ$100,MATCH('Daily Report'!O$1,'DCS Data'!$E$2:$AJ$2,0),0) -> 13.464697 | P20: =VLOOKUP($B20,'DCS Data'!$E$2:$AJ$100,MATCH('Daily Report'!P$1,'DCS Data'!$E$2:$AJ$2,0),0) -> 12.752191 | Q20: =VLOOKUP($B20,'DCS Data'!$E$2:$AJ$100,MATCH('Daily Report'!Q$1,'DCS Data'!$E$2:$AJ$2,0),0) -> 12.143387 | R20: =VLOOKUP($B20,'DCS Data'!$E$2:$AJ$100,MATCH('Daily Report'!R$1,'DCS Data'!$E$2:$AJ$2,0),0) -> 11.541502 | ... AN20: =VLOOKUP($B20,'DCS Data'!$E$2:$AJ$100,MATCH('Daily Report'!AN$1,'DCS Data'!$E$2:$AJ$2,0),0) -> 0.2430548
A21: Fresh gas to fuel header | B21: 60FR046.PV | C21: 60FQI046 | D21: 60FQI046 | E21: T/Day | F21: 0 | G21: monthly_60FQI046 | H21: =SUM(I21:AN21) -> 149.34979 | I21: =VLOOKUP($B21,'DCS Data'!$E$2:$AJ$100,MATCH('Daily Report'!I$1,'DCS Data'!$E$2:$AJ$2,0),0) -> 5.5759268 | K21: =VLOOKUP($B21,'DCS Data'!$E$2:$AJ$100,MATCH('Daily Report'!K$1,'DCS Data'!$E$2:$AJ$2,0),0) -> 4.7301031 | L21: =VLOOKUP($B21,'DCS Data'!$E$2:$AJ$100,MATCH('Daily Report'!L$1,'DCS Data'!$E$2:$AJ$2,0),0) -> 2.4825299 | M21: =VLOOKUP($B21,'DCS Data'!$E$2:$AJ$100,MATCH('Daily Report'!M$1,'DCS Data'!$E$2:$AJ$2,0),0) -> 3.0244137 | N21: =VLOOKUP($B21,'DCS Data'!$E$2:$AJ$100,MATCH('Daily Report'!N$1,'DCS Data'!$E$2:$AJ$2,0),0) -> 5.8323364 | O21: =VLOOKUP($B21,'DCS Data'!$E$2:$AJ$100,MATCH('Daily Report'!O$1,'DCS Data'!$E$2:$AJ$2,0),0) -> 4.2850126 | P21: =VLOOKUP($B21,'DCS Data'!$E$2:$AJ$100,MATCH('Daily Report'!P$1,'DCS Data'!$E$2:$AJ$2,0),0) -> 4.241413 | Q21: =VLOOKUP($B21,'DCS Data'!$E$2:$AJ$100,MATCH('Daily Report'!Q$1,'DCS Data'!$E$2:$AJ$2,0),0) -> 2.1824402 | R21: =VLOOKUP($B21,'DCS Data'!$E$2:$AJ$100,MATCH('Daily Report'!R$1,'DCS Data'!$E$2:$AJ$2,0),0) -> 2.9270617 | ... AN21: =VLOOKUP($B21,'DCS Data'!$E$2:$AJ$100,MATCH('Daily Report'!AN$1,'DCS Data'!$E$2:$AJ$2,0),0) -> 2.8229364
A22: Fresh gas to reformer fuel | B22: 60FR050.PV | C22: 60FQI050 | D22: 60FQI050 | E22: T/Day | F22: 0 | G22: monthly_60FQI050 | H22: =SUM(I22:AN22) -> 0 | I22: =VLOOKUP($B22,'DCS Data'!$E$2:$AJ$100,MATCH('Daily Report'!I$1,'DCS Data'!$E$2:$AJ$2,0),0) -> 0 | K22: =VLOOKUP($B22,'DCS Data'!$E$2:$AJ$100,MATCH('Daily Report'!K$1,'DCS Data'!$E$2:$AJ$2,0),0) -> 0 | L22: =VLOOKUP($B22,'DCS Data'!$E$2:$AJ$100,MATCH('Daily Report'!L$1,'DCS Data'!$E$2:$AJ$2,0),0) -> 0 | M22: =VLOOKUP($B22,'DCS Data'!$E$2:$AJ$100,MATCH('Daily Report'!M$1,'DCS Data'!$E$2:$AJ$2,0),0) -> 0 | N22: =VLOOKUP($B22,'DCS Data'!$E$2:$AJ$100,MATCH('Daily Report'!N$1,'DCS Data'!$E$2:$AJ$2,0),0) -> 0 | O22: =VLOOKUP($B22,'DCS Data'!$E$2:$AJ$100,MATCH('Daily Report'!O$1,'DCS Data'!$E$2:$AJ$2,0),0) -> 0 | P22: =VLOOKUP($B22,'DCS Data'!$E$2:$AJ$100,MATCH('Daily Report'!P$1,'DCS Data'!$E$2:$AJ$2,0),0) -> 0 | Q22: =VLOOKUP($B22,'DCS Data'!$E$2:$AJ$100,MATCH('Daily Report'!Q$1,'DCS Data'!$E$2:$AJ$2,0),0) -> 0 | R22: =VLOOKUP($B22,'DCS Data'!$E$2:$AJ$100,MATCH('Daily Report'!R$1,'DCS Data'!$E$2:$AJ$2,0),0) -> 0 | ... AN22: =VLOOKUP($B22,'DCS Data'!$E$2:$AJ$100,MATCH('Daily Report'!AN$1,'DCS Data'!$E$2:$AJ$2,0),0) -> 0
A23: PSA inlet flow | B23: 61FICA008.PV | C23: 61FQI008 | D23: 61FQI008 | E23: T/Day | F23: 432.1 | G23: monthly_61FQI008 | H23: =SUM(I23:AN23) -> 645.43459 | I23: =VLOOKUP($B23,'DCS Data'!$E$2:$AJ$100,MATCH('Daily Report'!I$1,'DCS Data'!$E$2:$AJ$2,0),0) -> 0.049699328 | K23: =VLOOKUP($B23,'DCS Data'!$E$2:$AJ$100,MATCH('Daily Report'!K$1,'DCS Data'!$E$2:$AJ$2,0),0) -> 0.048166376 | L23: =VLOOKUP($B23,'DCS Data'!$E$2:$AJ$100,MATCH('Daily Report'!L$1,'DCS Data'!$E$2:$AJ$2,0),0) -> 0.04724237 | M23: =VLOOKUP($B23,'DCS Data'!$E$2:$AJ$100,MATCH('Daily Report'!M$1,'DCS Data'!$E$2:$AJ$2,0),0) -> 0.045487498 | N23: =VLOOKUP($B23,'DCS Data'!$E$2:$AJ$100,MATCH('Daily Report'!N$1,'DCS Data'!$E$2:$AJ$2,0),0) -> 0.045305489 | O23: =VLOOKUP($B23,'DCS Data'!$E$2:$AJ$100,MATCH('Daily Report'!O$1,'DCS Data'!$E$2:$AJ$2,0),0) -> 0.044889122 | P23: =VLOOKUP($B23,'DCS Data'!$E$2:$AJ$100,MATCH('Daily Report'!P$1,'DCS Data'!$E$2:$AJ$2,0),0) -> 0.044950345 | Q23: =VLOOKUP($B23,'DCS Data'!$E$2:$AJ$100,MATCH('Daily Report'!Q$1,'DCS Data'!$E$2:$AJ$2,0),0) -> 0.045003778 | R23: =VLOOKUP($B23,'DCS Data'!$E$2:$AJ$100,MATCH('Daily Report'!R$1,'DCS Data'!$E$2:$AJ$2,0),0) -> 0.043762652 | ... AN23: =VLOOKUP($B23,'DCS Data'!$E$2:$AJ$100,MATCH('Daily Report'!AN$1,'DCS Data'!$E$2:$AJ$2,0),0) -> 38.108896
A24: SIPCHEM Import Hydrogen | B24: 170FIA220.PV | C24: 170FQQI220 | D24: 170FQQI220 | E24: T/Day | G24: monthly_170FQQI220 | H24: =SUM(I24:AN24) -> 1988.3695 | I24: =VLOOKUP($B24,'DCS Data'!$E$2:$AJ$100,MATCH('Daily Report'!I$1,'DCS Data'!$E$2:$AJ$2,0),0) -> 50.003629 | K24: =VLOOKUP($B24,'DCS Data'!$E$2:$AJ$100,MATCH('Daily Report'!K$1,'DCS Data'!$E$2:$AJ$2,0),0) -> 54.568473 | L24: =VLOOKUP($B24,'DCS Data'!$E$2:$AJ$100,MATCH('Daily Report'!L$1,'DCS Data'!$E$2:$AJ$2,0),0) -> 57.751508 | M24: =VLOOKUP($B24,'DCS Data'!$E$2:$AJ$100,MATCH('Daily Report'!M$1,'DCS Data'!$E$2:$AJ$2,0),0) -> 58.535966 | N24: =VLOOKUP($B24,'DCS Data'!$E$2:$AJ$100,MATCH('Daily Report'!N$1,'DCS Data'!$E$2:$AJ$2,0),0) -> 55.454159 | O24: =VLOOKUP($B24,'DCS Data'!$E$2:$AJ$100,MATCH('Daily Report'!O$1,'DCS Data'!$E$2:$AJ$2,0),0) -> 51.834799 | P24: =VLOOKUP($B24,'DCS Data'!$E$2:$AJ$100,MATCH('Daily Report'!P$1,'DCS Data'!$E$2:$AJ$2,0),0) -> 51.096089 | Q24: =VLOOKUP($B24,'DCS Data'!$E$2:$AJ$100,MATCH('Daily Report'!Q$1,'DCS Data'!$E$2:$AJ$2,0),0) -> 51.207506 | R24: =VLOOKUP($B24,'DCS Data'!$E$2:$AJ$100,MATCH('Daily Report'!R$1,'DCS Data'!$E$2:$AJ$2,0),0) -> 50.714458 | ... AN24: =VLOOKUP($B24,'DCS Data'!$E$2:$AJ$100,MATCH('Daily Report'!AN$1,'DCS Data'!$E$2:$AJ$2,0),0) -> 50.309055
B25: 170FI101.PV | C25: 170FQI101 | D25: 170FQI101 | E25: T/Day | G25: monthly_170FQI101 | H25: =SUM(I25:AN25) -> 1005.4726 | I25: =VLOOKUP($B25,'DCS Data'!$E$2:$AJ$100,MATCH('Daily Report'!I$1,'DCS Data'!$E$2:$AJ$2,0),0) -> 42.514937 | K25: =VLOOKUP($B25,'DCS Data'!$E$2:$AJ$100,MATCH('Daily Report'!K$1,'DCS Data'!$E$2:$AJ$2,0),0) -> 41.895091 | L25: =VLOOKUP($B25,'DCS Data'!$E$2:$AJ$100,MATCH('Daily Report'!L$1,'DCS Data'!$E$2:$AJ$2,0),0) -> 39.920453 | M25: =VLOOKUP($B25,'DCS Data'!$E$2:$AJ$100,MATCH('Daily Report'!M$1,'DCS Data'!$E$2:$AJ$2,0),0) -> 39.451488 | N25: =VLOOKUP($B25,'DCS Data'!$E$2:$AJ$100,MATCH('Daily Report'!N$1,'DCS Data'!$E$2:$AJ$2,0),0) -> 38.589994 | O25: =VLOOKUP($B25,'DCS Data'!$E$2:$AJ$100,MATCH('Daily Report'!O$1,'DCS Data'!$E$2:$AJ$2,0),0) -> 37.02885 | P25: =VLOOKUP($B25,'DCS Data'!$E$2:$AJ$100,MATCH('Daily Report'!P$1,'DCS Data'!$E$2:$AJ$2,0),0) -> 37.033204 | Q25: =VLOOKUP($B25,'DCS Data'!$E$2:$AJ$100,MATCH('Daily Report'!Q$1,'DCS Data'!$E$2:$AJ$2,0),0) -> 36.924792 | R25: =VLOOKUP($B25,'DCS Data'!$E$2:$AJ$100,MATCH('Daily Report'!R$1,'DCS Data'!$E$2:$AJ$2,0),0) -> 37.573208 | ... AN25: =VLOOKUP($B25,'DCS Data'!$E$2:$AJ$100,MATCH('Daily Report'!AN$1,'DCS Data'!$E$2:$AJ$2,0),0) -> 37.245255
A26: Segment#3 H2 | B26: 170FIC121.PV | C26: 170FQI121 | D26: 170FQI121 | E26: T/Day | G26: monthly_170FQI121 | H26: =SUM(I26:AN26) -> 843.97347 | I26: =VLOOKUP($B26,'DCS Data'!$E$2:$AJ$100,MATCH('Daily Report'!I$1,'DCS Data'!$E$2:$AJ$2,0),0) -> 0 | K26: =VLOOKUP($B26,'DCS Data'!$E$2:$AJ$100,MATCH('Daily Report'!K$1,'DCS Data'!$E$2:$AJ$2,0),0) -> 0 | L26: =VLOOKUP($B26,'DCS Data'!$E$2:$AJ$100,MATCH('Daily Report'!L$1,'DCS Data'!$E$2:$AJ$2,0),0) -> 0 | M26: =VLOOKUP($B26,'DCS Data'!$E$2:$AJ$100,MATCH('Daily Report'!M$1,'DCS Data'!$E$2:$AJ$2,0),0) -> 0 | N26: =VLOOKUP($B26,'DCS Data'!$E$2:$AJ$100,MATCH('Daily Report'!N$1,'DCS Data'!$E$2:$AJ$2,0),0) -> 0 | O26: =VLOOKUP($B26,'DCS Data'!$E$2:$AJ$100,MATCH('Daily Report'!O$1,'DCS Data'!$E$2:$AJ$2,0),0) -> 0 | P26: =VLOOKUP($B26,'DCS Data'!$E$2:$AJ$100,MATCH('Daily Report'!P$1,'DCS Data'!$E$2:$AJ$2,0),0) -> 0 | Q26: =VLOOKUP($B26,'DCS Data'!$E$2:$AJ$100,MATCH('Daily Report'!Q$1,'DCS Data'!$E$2:$AJ$2,0),0) -> 0 | R26: =VLOOKUP($B26,'DCS Data'!$E$2:$AJ$100,MATCH('Daily Report'!R$1,'DCS Data'!$E$2:$AJ$2,0),0) -> 0.92220037 | ... AN26: =VLOOKUP($B26,'DCS Data'!$E$2:$AJ$100,MATCH('Daily Report'!AN$1,'DCS Data'!$E$2:$AJ$2,0),0) -> 23.99913
B27: Net SIPCHEM Import | D27: calc_Net_SIPCHEM_Import_T_Day | E27: T/Day | G27: monthly_calc_Net_SIPCHEM_Import_T_Day | H27: =SUM(I27:AN27) -> 1090.2157 | I27: =MAX(I24-I25,I26) -> 7.4886921 | K27: =MAX(K24-K25,K26) -> 12.673382 | L27: =MAX(L24-L25,L26) -> 17.831055 | M27: =MAX(M24-M25,M26) -> 19.084479 | N27: =MAX(N24-N25,N26) -> 16.864165 | O27: =MAX(O24-O25,O26) -> 14.805949 | P27: =MAX(P24-P25,P26) -> 14.062886 | Q27: =MAX(Q24-Q25,Q26) -> 14.282715 | R27: =MAX(R24-R25,R26) -> 13.141249 | ... AN27: =MAX(AN24-AN25,AN26) -> 23.99913
A28: HMU H2 outlet | B28: 30FR026.PV | C28: 30FQI026 | D28: 30FQI026 | E28: T/Day | F28: 220 | G28: monthly_30FQI026 | H28: =SUM(I28:AN28) -> 9788.4332 | I28: =VLOOKUP($B28,'DCS Data'!$E$2:$AJ$100,MATCH('Daily Report'!I$1,'DCS Data'!$E$2:$AJ$2,0),0) -> 274.82855 | K28: =VLOOKUP($B28,'DCS Data'!$E$2:$AJ$100,MATCH('Daily Report'!K$1,'DCS Data'!$E$2:$AJ$2,0),0) -> 316.5105 | L28: =VLOOKUP($B28,'DCS Data'!$E$2:$AJ$100,MATCH('Daily Report'!L$1,'DCS Data'!$E$2:$AJ$2,0),0) -> 324.81535 | M28: =VLOOKUP($B28,'DCS Data'!$E$2:$AJ$100,MATCH('Daily Report'!M$1,'DCS Data'!$E$2:$AJ$2,0),0) -> 323.96956 | N28: =VLOOKUP($B28,'DCS Data'!$E$2:$AJ$100,MATCH('Daily Report'!N$1,'DCS Data'!$E$2:$AJ$2,0),0) -> 322.12721 | O28: =VLOOKUP($B28,'DCS Data'!$E$2:$AJ$100,MATCH('Daily Report'!O$1,'DCS Data'!$E$2:$AJ$2,0),0) -> 325.39024 | P28: =VLOOKUP($B28,'DCS Data'!$E$2:$AJ$100,MATCH('Daily Report'!P$1,'DCS Data'!$E$2:$AJ$2,0),0) -> 323.85949 | Q28: =VLOOKUP($B28,'DCS Data'!$E$2:$AJ$100,MATCH('Daily Report'!Q$1,'DCS Data'!$E$2:$AJ$2,0),0) -> 320.90933 | R28: =VLOOKUP($B28,'DCS Data'!$E$2:$AJ$100,MATCH('Daily Report'!R$1,'DCS Data'!$E$2:$AJ$2,0),0) -> 316.56838 | ... AN28: =VLOOKUP($B28,'DCS Data'!$E$2:$AJ$100,MATCH('Daily Report'!AN$1,'DCS Data'!$E$2:$AJ$2,0),0) -> 322.06536
A29: HMU H2 outlet Pressure | B29: 30PR026.PV | C29: 30PR026AI | D29: avg_hmu_h2_outlet_pressure | E29: bar g | G29: monthly_avg_hmu_h2_outlet_pressure | H29: =AVERAGE(I29:AN29) -> 14.704784 | I29: =VLOOKUP($B29,'DCS Data'!$E$2:$AJ$100,MATCH('Daily Report'!I$1,'DCS Data'!$E$2:$AJ$2,0),0) -> 14.791534 | K29: =VLOOKUP($B29,'DCS Data'!$E$2:$AJ$100,MATCH('Daily Report'!K$1,'DCS Data'!$E$2:$AJ$2,0),0) -> 14.781141 | L29: =VLOOKUP($B29,'DCS Data'!$E$2:$AJ$100,MATCH('Daily Report'!L$1,'DCS Data'!$E$2:$AJ$2,0),0) -> 14.698188 | M29: =VLOOKUP($B29,'DCS Data'!$E$2:$AJ$100,MATCH('Daily Report'!M$1,'DCS Data'!$E$2:$AJ$2,0),0) -> 14.754153 | N29: =VLOOKUP($B29,'DCS Data'!$E$2:$AJ$100,MATCH('Daily Report'!N$1,'DCS Data'!$E$2:$AJ$2,0),0) -> 14.786065 | O29: =VLOOKUP($B29,'DCS Data'!$E$2:$AJ$100,MATCH('Daily Report'!O$1,'DCS Data'!$E$2:$AJ$2,0),0) -> 14.805844 | P29: =VLOOKUP($B29,'DCS Data'!$E$2:$AJ$100,MATCH('Daily Report'!P$1,'DCS Data'!$E$2:$AJ$2,0),0) -> 14.789062 | Q29: =VLOOKUP($B29,'DCS Data'!$E$2:$AJ$100,MATCH('Daily Report'!Q$1,'DCS Data'!$E$2:$AJ$2,0),0) -> 14.748245 | R29: =VLOOKUP($B29,'DCS Data'!$E$2:$AJ$100,MATCH('Daily Report'!R$1,'DCS Data'!$E$2:$AJ$2,0),0) -> 14.792283 | ... AN29: =VLOOKUP($B29,'DCS Data'!$E$2:$AJ$100,MATCH('Daily Report'!AN$1,'DCS Data'!$E$2:$AJ$2,0),0) -> 14.559003
A30: HMU H2 outlet Temperature | B30: 30TI-316.PV | C30: 30TI-316 | D30: avg_hmu_h2_outlet_temprature | E30: 0C | G30: monthly_avg_hmu_h2_outlet_temprature | H30: =AVERAGE(I30:AN30) -> 37.962987 | I30: =VLOOKUP($B30,'DCS Data'!$E$2:$AJ$100,MATCH('Daily Report'!I$1,'DCS Data'!$E$2:$AJ$2,0),0) -> 45.833715 | K30: =VLOOKUP($B30,'DCS Data'!$E$2:$AJ$100,MATCH('Daily Report'!K$1,'DCS Data'!$E$2:$AJ$2,0),0) -> 45.017124 | L30: =VLOOKUP($B30,'DCS Data'!$E$2:$AJ$100,MATCH('Daily Report'!L$1,'DCS Data'!$E$2:$AJ$2,0),0) -> 44.405759 | M30: =VLOOKUP($B30,'DCS Data'!$E$2:$AJ$100,MATCH('Daily Report'!M$1,'DCS Data'!$E$2:$AJ$2,0),0) -> 43.565906 | N30: =VLOOKUP($B30,'DCS Data'!$E$2:$AJ$100,MATCH('Daily Report'!N$1,'DCS Data'!$E$2:$AJ$2,0),0) -> 43.995716 | O30: =VLOOKUP($B30,'DCS Data'!$E$2:$AJ$100,MATCH('Daily Report'!O$1,'DCS Data'!$E$2:$AJ$2,0),0) -> 44.407769 | P30: =VLOOKUP($B30,'DCS Data'!$E$2:$AJ$100,MATCH('Daily Report'!P$1,'DCS Data'!$E$2:$AJ$2,0),0) -> 44.868529 | Q30: =VLOOKUP($B30,'DCS Data'!$E$2:$AJ$100,MATCH('Daily Report'!Q$1,'DCS Data'!$E$2:$AJ$2,0),0) -> 44.79797 | R30: =VLOOKUP($B30,'DCS Data'!$E$2:$AJ$100,MATCH('Daily Report'!R$1,'DCS Data'!$E$2:$AJ$2,0),0) -> 44.403776 | ... AN30: =VLOOKUP($B30,'DCS Data'!$E$2:$AJ$100,MATCH('Daily Report'!AN$1,'DCS Data'!$E$2:$AJ$2,0),0) -> 32.992042
B31: 30-FR-026.COR | D31: calc_HMU_H2_outlet_T_Day | E31: T/Day | G31: monthly_calc_HMU_H2_outlet_T_Day | H31: =SUM(I31:AN31) -> 9793.5958 | I31: =(I28*(((57+273)/(I30+273))*(2.6/Analysis!J60)*((I29+1.01325)/(14.6+1.01325)))^0.5)*(Analysis!J60/2.6)-I27 -> 295.12866 | K31: =(K28*(((57+273)/(K30+273))*(2.6/Analysis!L60)*((K29+1.01325)/(14.6+1.01325)))^0.5)*(Analysis!L60/2.6)-K27 -> 336.17292 | L31: =(L28*(((57+273)/(L30+273))*(2.6/Analysis!M60)*((L29+1.01325)/(14.6+1.01325)))^0.5)*(Analysis!M60/2.6)-L27 -> 339.57089 | M31: =(M28*(((57+273)/(M30+273))*(2.6/Analysis!N60)*((M29+1.01325)/(14.6+1.01325)))^0.5)*(Analysis!N60/2.6)-M27 -> 338.49455 | N31: =(N28*(((57+273)/(N30+273))*(2.6/Analysis!O60)*((N29+1.01325)/(14.6+1.01325)))^0.5)*(Analysis!O60/2.6)-N27 -> 338.79963 | O31: =(O28*(((57+273)/(O30+273))*(2.6/Analysis!P60)*((O29+1.01325)/(14.6+1.01325)))^0.5)*(Analysis!P60/2.6)-O27 -> 344.45198 | P31: =(P28*(((57+273)/(P30+273))*(2.6/Analysis!Q60)*((P29+1.01325)/(14.6+1.01325)))^0.5)*(Analysis!Q60/2.6)-P27 -> 343.05613 | Q31: =(Q28*(((57+273)/(Q30+273))*(2.6/Analysis!R60)*((Q29+1.01325)/(14.6+1.01325)))^0.5)*(Analysis!R60/2.6)-Q27 -> 339.1651 | R31: =(R28*(((57+273)/(R30+273))*(2.6/Analysis!S60)*((R29+1.01325)/(14.6+1.01325)))^0.5)*(Analysis!S60/2.6)-R27 -> 336.22896 | ... AN31: =(AN28*(((57+273)/(AN30+273))*(2.6/Analysis!AO60)*((AN29+1.01325)/(14.6+1.01325)))^0.5)*(Analysis!AO60/2.6)-AN27 -> 335.32342
A32: PSA outlet | B32: 61FI902.PV | C32: 61FQI902 | D32: 61FQI902 | E32: Nm3/hr | F32: 100683.34 | G32: monthly_61FQI902 | H32: =SUM(I32:AN32) -> 0 | I32: =VLOOKUP($B32,'DCS Data'!$E$2:$AJ$100,MATCH('Daily Report'!I$1,'DCS Data'!$E$2:$AJ$2,0),0) -> 0 | K32: =VLOOKUP($B32,'DCS Data'!$E$2:$AJ$100,MATCH('Daily Report'!K$1,'DCS Data'!$E$2:$AJ$2,0),0) -> 0 | L32: =VLOOKUP($B32,'DCS Data'!$E$2:$AJ$100,MATCH('Daily Report'!L$1,'DCS Data'!$E$2:$AJ$2,0),0) -> 0 | M32: =VLOOKUP($B32,'DCS Data'!$E$2:$AJ$100,MATCH('Daily Report'!M$1,'DCS Data'!$E$2:$AJ$2,0),0) -> 0 | N32: =VLOOKUP($B32,'DCS Data'!$E$2:$AJ$100,MATCH('Daily Report'!N$1,'DCS Data'!$E$2:$AJ$2,0),0) -> 0 | O32: =VLOOKUP($B32,'DCS Data'!$E$2:$AJ$100,MATCH('Daily Report'!O$1,'DCS Data'!$E$2:$AJ$2,0),0) -> 0 | P32: =VLOOKUP($B32,'DCS Data'!$E$2:$AJ$100,MATCH('Daily Report'!P$1,'DCS Data'!$E$2:$AJ$2,0),0) -> 0 | Q32: =VLOOKUP($B32,'DCS Data'!$E$2:$AJ$100,MATCH('Daily Report'!Q$1,'DCS Data'!$E$2:$AJ$2,0),0) -> 0 | R32: =VLOOKUP($B32,'DCS Data'!$E$2:$AJ$100,MATCH('Daily Report'!R$1,'DCS Data'!$E$2:$AJ$2,0),0) -> 0 | ... AN32: =VLOOKUP($B32,'DCS Data'!$E$2:$AJ$100,MATCH('Daily Report'!AN$1,'DCS Data'!$E$2:$AJ$2,0),0) -> 0
D33: calc_PSA_Outlet_T_Day | E33: T/Day | F33: 220 | G33: monthly_calc_PSA_Outlet_T_Day | H33: =SUM(I33:AN33) -> 0 | I33: =I32*2.01568*24/(22.414*1000) -> 0 | K33: =K32*2.01568*24/(22.414*1000) -> 0 | L33: =L32*2.01568*24/(22.414*1000) -> 0 | M33: =M32*2.01568*24/(22.414*1000) -> 0 | N33: =N32*2.01568*24/(22.414*1000) -> 0 | O33: =O32*2.01568*24/(22.414*1000) -> 0 | P33: =P32*2.01568*24/(22.414*1000) -> 0 | Q33: =Q32*2.01568*24/(22.414*1000) -> 0 | R33: =R32*2.01568*24/(22.414*1000) -> 0 | ... AN33: =AN32*2.01568*24/(22.414*1000) -> 0
B34: 61TIA006.PV | C34: 61TIA006 | D34: avg_61TIA006 | E34: 0C | F34: 50 | G34: monthly_avg_61TIA006 | H34: =AVERAGE(I34:AN34) -> 32.54339 | I34: =VLOOKUP($B34,'DCS Data'!$E$2:$AJ$100,MATCH('Daily Report'!I$1,'DCS Data'!$E$2:$AJ$2,0),0) -> 35.699533 | K34: =VLOOKUP($B34,'DCS Data'!$E$2:$AJ$100,MATCH('Daily Report'!K$1,'DCS Data'!$E$2:$AJ$2,0),0) -> 34.218017 | L34: =VLOOKUP($B34,'DCS Data'!$E$2:$AJ$100,MATCH('Daily Report'!L$1,'DCS Data'!$E$2:$AJ$2,0),0) -> 33.083199 | M34: =VLOOKUP($B34,'DCS Data'!$E$2:$AJ$100,MATCH('Daily Report'!M$1,'DCS Data'!$E$2:$AJ$2,0),0) -> 32.021844 | N34: =VLOOKUP($B34,'DCS Data'!$E$2:$AJ$100,MATCH('Daily Report'!N$1,'DCS Data'!$E$2:$AJ$2,0),0) -> 32.210174 | O34: =VLOOKUP($B34,'DCS Data'!$E$2:$AJ$100,MATCH('Daily Report'!O$1,'DCS Data'!$E$2:$AJ$2,0),0) -> 32.276263 | P34: =VLOOKUP($B34,'DCS Data'!$E$2:$AJ$100,MATCH('Daily Report'!P$1,'DCS Data'!$E$2:$AJ$2,0),0) -> 32.325023 | Q34: =VLOOKUP($B34,'DCS Data'!$E$2:$AJ$100,MATCH('Daily Report'!Q$1,'DCS Data'!$E$2:$AJ$2,0),0) -> 32.860623 | R34: =VLOOKUP($B34,'DCS Data'!$E$2:$AJ$100,MATCH('Daily Report'!R$1,'DCS Data'!$E$2:$AJ$2,0),0) -> 32.386852 | ... AN34: =VLOOKUP($B34,'DCS Data'!$E$2:$AJ$100,MATCH('Daily Report'!AN$1,'DCS Data'!$E$2:$AJ$2,0),0) -> 33.505228
B35: 61PICA005.PV | C35: 61PICA005-AI | D35: avg_61PICA005_AI | E35: barg | F35: 14.1 | G35: monthly_avg_61PICA005_AI | H35: =AVERAGE(I35:AN35) -> 14.89891 | I35: =VLOOKUP($B35,'DCS Data'!$E$2:$AJ$100,MATCH('Daily Report'!I$1,'DCS Data'!$E$2:$AJ$2,0),0) -> 14.922634 | K35: =VLOOKUP($B35,'DCS Data'!$E$2:$AJ$100,MATCH('Daily Report'!K$1,'DCS Data'!$E$2:$AJ$2,0),0) -> 14.961403 | L35: =VLOOKUP($B35,'DCS Data'!$E$2:$AJ$100,MATCH('Daily Report'!L$1,'DCS Data'!$E$2:$AJ$2,0),0) -> 14.889737 | M35: =VLOOKUP($B35,'DCS Data'!$E$2:$AJ$100,MATCH('Daily Report'!M$1,'DCS Data'!$E$2:$AJ$2,0),0) -> 14.944578 | N35: =VLOOKUP($B35,'DCS Data'!$E$2:$AJ$100,MATCH('Daily Report'!N$1,'DCS Data'!$E$2:$AJ$2,0),0) -> 14.97448 | O35: =VLOOKUP($B35,'DCS Data'!$E$2:$AJ$100,MATCH('Daily Report'!O$1,'DCS Data'!$E$2:$AJ$2,0),0) -> 14.998138 | P35: =VLOOKUP($B35,'DCS Data'!$E$2:$AJ$100,MATCH('Daily Report'!P$1,'DCS Data'!$E$2:$AJ$2,0),0) -> 14.979302 | Q35: =VLOOKUP($B35,'DCS Data'!$E$2:$AJ$100,MATCH('Daily Report'!Q$1,'DCS Data'!$E$2:$AJ$2,0),0) -> 14.93479 | R35: =VLOOKUP($B35,'DCS Data'!$E$2:$AJ$100,MATCH('Daily Report'!R$1,'DCS Data'!$E$2:$AJ$2,0),0) -> 14.97309 | ... AN35: =VLOOKUP($B35,'DCS Data'!$E$2:$AJ$100,MATCH('Daily Report'!AN$1,'DCS Data'!$E$2:$AJ$2,0),0) -> 14.783749
A36: PSA Bypass flow | B36: 30FR026 - HPSA - Sipchem | D36: calc_psa_bypass_flow_t_day | E36: T/Day | F36: 50 | G36: monthly_calc_psa_bypass_flow_t_day | H36: =SUM(I36:AN36) -> 8703.3801 | I36: =I31-I33-I27 -> 287.63997 | K36: =K31-K33-K27 -> 323.49954 | L36: =L31-L33-L27 -> 321.73984 | M36: =M31-M33-M27 -> 319.41007 | N36: =N31-N33-N27 -> 321.93546 | O36: =O31-O33-O27 -> 329.64603 | P36: =P31-P33-P27 -> 328.99325 | Q36: =Q31-Q33-Q27 -> 324.88238 | R36: =R31-R33-R27 -> 323.08771 | ... AN36: =AN31-AN33-AN27 -> 311.32429
B37: 60FR038 - FR45 - FR46 - 61FT008 | D37: calc_PSA_Bypass_T_Day | E37: T/Day | F37: 50 | G37: monthly_calc_PSA_Bypass_T_Day | H37: =SUM(I37:AN37) -> 8664.3769 | I37: =I19-I20-I21-I23 -> 283.0094 | K37: =K19-K20-K21-K23 -> 314.93415 | L37: =L19-L20-L21-L23 -> 316.57696 | M37: =M19-M20-M21-M23 -> 314.50734 | N37: =N19-N20-N21-N23 -> 315.69967 | O37: =O19-O20-O21-O23 -> 319.27041 | P37: =P19-P20-P21-P23 -> 318.7487 | Q37: =Q19-Q20-Q21-Q23 -> 316.24133 | R37: =R19-R20-R21-R23 -> 312.11232 | ... AN37: =AN19-AN20-AN21-AN23 -> 295.41521
A38: Tail gas flow | B38: 61FIA001.PV | C38: 61FQI001 | D38: 61FQI001 | E38: T/Day | F38: 197 | G38: monthly_61FQI001 | H38: =SUM(I38:AN38) -> 132.41722 | I38: =VLOOKUP($B38,'DCS Data'!$E$2:$AJ$100,MATCH('Daily Report'!I$1,'DCS Data'!$E$2:$AJ$2,0),0) -> 3.0871786 | K38: =VLOOKUP($B38,'DCS Data'!$E$2:$AJ$100,MATCH('Daily Report'!K$1,'DCS Data'!$E$2:$AJ$2,0),0) -> 2.7146487 | L38: =VLOOKUP($B38,'DCS Data'!$E$2:$AJ$100,MATCH('Daily Report'!L$1,'DCS Data'!$E$2:$AJ$2,0),0) -> 3.6532282 | M38: =VLOOKUP($B38,'DCS Data'!$E$2:$AJ$100,MATCH('Daily Report'!M$1,'DCS Data'!$E$2:$AJ$2,0),0) -> 2.3064332 | N38: =VLOOKUP($B38,'DCS Data'!$E$2:$AJ$100,MATCH('Daily Report'!N$1,'DCS Data'!$E$2:$AJ$2,0),0) -> 4.0765575 | O38: =VLOOKUP($B38,'DCS Data'!$E$2:$AJ$100,MATCH('Daily Report'!O$1,'DCS Data'!$E$2:$AJ$2,0),0) -> 4.4982554 | P38: =VLOOKUP($B38,'DCS Data'!$E$2:$AJ$100,MATCH('Daily Report'!P$1,'DCS Data'!$E$2:$AJ$2,0),0) -> 3.0833336 | Q38: =VLOOKUP($B38,'DCS Data'!$E$2:$AJ$100,MATCH('Daily Report'!Q$1,'DCS Data'!$E$2:$AJ$2,0),0) -> 4.7681145 | R38: =VLOOKUP($B38,'DCS Data'!$E$2:$AJ$100,MATCH('Daily Report'!R$1,'DCS Data'!$E$2:$AJ$2,0),0) -> 4.938609 | ... AN38: =VLOOKUP($B38,'DCS Data'!$E$2:$AJ$100,MATCH('Daily Report'!AN$1,'DCS Data'!$E$2:$AJ$2,0),0) -> 5.9448977
D39: calc_tail_gas_flow_nm3_hr | E39: Nm3/hr | G39: monthly_calc_tail_gas_flow_nm3_hr | H39: =SUM(I39:AN39) -> 19405.303 | I39: =(I38/24*1000*22.414)/Analysis!J44 -> 452.41574 | K39: =(K38/24*1000*22.414)/Analysis!L44 -> 397.82272 | L39: =(L38/24*1000*22.414)/Analysis!M44 -> 535.36843 | M39: =(M38/24*1000*22.414)/Analysis!N44 -> 338.0001 | N39: =(N38/24*1000*22.414)/Analysis!O44 -> 597.40593 | O39: =(O38/24*1000*22.414)/Analysis!P44 -> 659.20435 | P39: =(P38/24*1000*22.414)/Analysis!Q44 -> 451.85228 | Q39: =(Q38/24*1000*22.414)/Analysis!R44 -> 698.7513 | R39: =(R38/24*1000*22.414)/Analysis!S44 -> 723.7367 | ... AN39: =(AN38/24*1000*22.414)/Analysis!AO44 -> 871.20496
A40: CCR H2 Flow | D40: calc_ccr_h2_flow_nm3_hr | E40: Nm3/hr | G40: monthly_calc_ccr_h2_flow_nm3_hr | H40: =SUM(I40:AN40) -> 459317.36 | I40: =(I41/24*1000*22.414)/Analysis!J71 -> 14168.942 | K40: =(K41/24*1000*22.414)/Analysis!L71 -> 14949.4 | L40: =(L41/24*1000*22.414)/Analysis!M71 -> 15778.034 | M40: =(M41/24*1000*22.414)/Analysis!N71 -> 14985.493 | N40: =(N41/24*1000*22.414)/Analysis!O71 -> 15684.722 | O40: =(O41/24*1000*22.414)/Analysis!P71 -> 14111.704 | P40: =(P41/24*1000*22.414)/Analysis!Q71 -> 13302.534 | Q40: =(Q41/24*1000*22.414)/Analysis!R71 -> 14121.021 | R40: =(R41/24*1000*22.414)/Analysis!S71 -> 14345.396 | ... AN40: =(AN41/24*1000*22.414)/Analysis!AO71 -> 17059.627
A41: CCR Flow (CCRNm) | B41: 170FI001.PV | C41: 170FQI001 | D41: 170FQI001 | E41: T/Day | F41: 150 | G41: monthly_170FQI001 | H41: =SUM(I41:AN41) -> 3573.1839 | I41: =VLOOKUP($B41,'DCS Data'!$E$2:$AJ$100,MATCH('Daily Report'!I$1,'DCS Data'!$E$2:$AJ$2,0),0) -> 110.22495 | K41: =VLOOKUP($B41,'DCS Data'!$E$2:$AJ$100,MATCH('Daily Report'!K$1,'DCS Data'!$E$2:$AJ$2,0),0) -> 116.2964 | L41: =VLOOKUP($B41,'DCS Data'!$E$2:$AJ$100,MATCH('Daily Report'!L$1,'DCS Data'!$E$2:$AJ$2,0),0) -> 122.74262 | M41: =VLOOKUP($B41,'DCS Data'!$E$2:$AJ$100,MATCH('Daily Report'!M$1,'DCS Data'!$E$2:$AJ$2,0),0) -> 116.57718 | N41: =VLOOKUP($B41,'DCS Data'!$E$2:$AJ$100,MATCH('Daily Report'!N$1,'DCS Data'!$E$2:$AJ$2,0),0) -> 122.01672 | O41: =VLOOKUP($B41,'DCS Data'!$E$2:$AJ$100,MATCH('Daily Report'!O$1,'DCS Data'!$E$2:$AJ$2,0),0) -> 109.77968 | P41: =VLOOKUP($B41,'DCS Data'!$E$2:$AJ$100,MATCH('Daily Report'!P$1,'DCS Data'!$E$2:$AJ$2,0),0) -> 103.48487 | Q41: =VLOOKUP($B41,'DCS Data'!$E$2:$AJ$100,MATCH('Daily Report'!Q$1,'DCS Data'!$E$2:$AJ$2,0),0) -> 109.85216 | R41: =VLOOKUP($B41,'DCS Data'!$E$2:$AJ$100,MATCH('Daily Report'!R$1,'DCS Data'!$E$2:$AJ$2,0),0) -> 111.59765 | ... AN41: =VLOOKUP($B41,'DCS Data'!$E$2:$AJ$100,MATCH('Daily Report'!AN$1,'DCS Data'!$E$2:$AJ$2,0),0) -> 132.71256
A42: CCRNHm | D42: calc_ccrnhm_t_day | E42: T/Day | G42: monthly_calc_ccrnhm_t_day | H42: =SUM(I42:AN42) -> 832.45174 | I42: =(I41/Analysis!J71)*(Analysis!J61/100)*2.015 -> 25.679326 | K42: =(K41/Analysis!L71)*(Analysis!L61/100)*2.015 -> 27.093804 | L42: =(L41/Analysis!M71)*(Analysis!M61/100)*2.015 -> 28.595593 | M42: =(M41/Analysis!N71)*(Analysis!N61/100)*2.015 -> 27.159218 | N42: =(N41/Analysis!O71)*(Analysis!O61/100)*2.015 -> 28.426477 | O42: =(O41/Analysis!P71)*(Analysis!P61/100)*2.015 -> 25.575591 | P42: =(P41/Analysis!Q71)*(Analysis!Q61/100)*2.015 -> 24.109077 | Q42: =(Q41/Analysis!R71)*(Analysis!R61/100)*2.015 -> 25.592477 | R42: =(R41/Analysis!S71)*(Analysis!S61/100)*2.015 -> 25.999126 | ... AN42: =(AN41/Analysis!AO71)*(Analysis!AO61/100)*2.015 -> 30.918309
A43: GRHm | D43: calc_grhm_t_day | E43: T/Day | G43: monthly_calc_grhm_t_day | H43: =SUM(I43:AN43) -> 712.57869 | I43: =(I42*0.856) -> 21.981503 | K43: =(K42*0.856) -> 23.192296 | L43: =(L42*0.856) -> 24.477828 | M43: =(M42*0.856) -> 23.24829 | N43: =(N42*0.856) -> 24.333064 | O43: =(O42*0.856) -> 21.892706 | P43: =(P42*0.856) -> 20.63737 | Q43: =(Q42*0.856) -> 21.90716 | R43: =(R42*0.856) -> 22.255252 | ... AN43: =(AN42*0.856) -> 26.466072
A44: HCU Hydrogen MBU feed | B44: 170FI133.PV | C44: 170FQI133 | D44: 170FQI133 | E44: T/Day | F44: 80 | G44: monthly_170FQI133 | H44: =SUM(I44:AN44) -> 1280.6425 | I44: =VLOOKUP($B44,'DCS Data'!$E$2:$AJ$100,MATCH('Daily Report'!I$1,'DCS Data'!$E$2:$AJ$2,0),0) -> 24.477501 | K44: =VLOOKUP($B44,'DCS Data'!$E$2:$AJ$100,MATCH('Daily Report'!K$1,'DCS Data'!$E$2:$AJ$2,0),0) -> 33.983244 | L44: =VLOOKUP($B44,'DCS Data'!$E$2:$AJ$100,MATCH('Daily Report'!L$1,'DCS Data'!$E$2:$AJ$2,0),0) -> 36.107213 | M44: =VLOOKUP($B44,'DCS Data'!$E$2:$AJ$100,MATCH('Daily Report'!M$1,'DCS Data'!$E$2:$AJ$2,0),0) -> 37.164721 | N44: =VLOOKUP($B44,'DCS Data'!$E$2:$AJ$100,MATCH('Daily Report'!N$1,'DCS Data'!$E$2:$AJ$2,0),0) -> 37.631567 | O44: =VLOOKUP($B44,'DCS Data'!$E$2:$AJ$100,MATCH('Daily Report'!O$1,'DCS Data'!$E$2:$AJ$2,0),0) -> 40.745531 | P44: =VLOOKUP($B44,'DCS Data'!$E$2:$AJ$100,MATCH('Daily Report'!P$1,'DCS Data'!$E$2:$AJ$2,0),0) -> 40.31662 | Q44: =VLOOKUP($B44,'DCS Data'!$E$2:$AJ$100,MATCH('Daily Report'!Q$1,'DCS Data'!$E$2:$AJ$2,0),0) -> 37.142195 | R44: =VLOOKUP($B44,'DCS Data'!$E$2:$AJ$100,MATCH('Daily Report'!R$1,'DCS Data'!$E$2:$AJ$2,0),0) -> 32.496637 | ... AN44: =VLOOKUP($B44,'DCS Data'!$E$2:$AJ$100,MATCH('Daily Report'!AN$1,'DCS Data'!$E$2:$AJ$2,0),0) -> 39.659145
D45: calc_hcu_hydrogen_mbu_feed_nm3_hr | E45: Nm3/h | G45: monthly_calc_hcu_hydrogen_mbu_feed_nm3_hr | H45: =SUM(I45:AN45) -> 398672.18 | I45: =I44/24*1000*22.414/Analysis!J38 -> 7620.0021 | K45: =K44/24*1000*22.414/Analysis!L38 -> 10579.201 | L45: =L44/24*1000*22.414/Analysis!M38 -> 11240.406 | M45: =M44/24*1000*22.414/Analysis!N38 -> 11569.615 | N45: =N44/24*1000*22.414/Analysis!O38 -> 11714.947 | O45: =O44/24*1000*22.414/Analysis!P38 -> 12684.344 | P45: =P44/24*1000*22.414/Analysis!Q38 -> 12550.821 | Q45: =Q44/24*1000*22.414/Analysis!R38 -> 11562.602 | R45: =R44/24*1000*22.414/Analysis!S38 -> 10116.41 | ... AN45: =AN44/24*1000*22.414/Analysis!AO38 -> 12346.145
A46: Total feed to MBU | B46: 170FICA174.PV | C46: 170FQI174 | D46: 170FQI174 | E46: Nm3/hr | F46: 46726 | G46: monthly_170FQI174 | H46: =SUM(I46:AN46) -> 962476.63 | I46: =VLOOKUP($B46,'DCS Data'!$E$2:$AJ$100,MATCH('Daily Report'!I$1,'DCS Data'!$E$2:$AJ$2,0),0) -> 24821.648 | K46: =VLOOKUP($B46,'DCS Data'!$E$2:$AJ$100,MATCH('Daily Report'!K$1,'DCS Data'!$E$2:$AJ$2,0),0) -> 28786.42 | L46: =VLOOKUP($B46,'DCS Data'!$E$2:$AJ$100,MATCH('Daily Report'!L$1,'DCS Data'!$E$2:$AJ$2,0),0) -> 30135.142 | M46: =VLOOKUP($B46,'DCS Data'!$E$2:$AJ$100,MATCH('Daily Report'!M$1,'DCS Data'!$E$2:$AJ$2,0),0) -> 29695.882 | N46: =VLOOKUP($B46,'DCS Data'!$E$2:$AJ$100,MATCH('Daily Report'!N$1,'DCS Data'!$E$2:$AJ$2,0),0) -> 30106.105 | O46: =VLOOKUP($B46,'DCS Data'!$E$2:$AJ$100,MATCH('Daily Report'!O$1,'DCS Data'!$E$2:$AJ$2,0),0) -> 29652.104 | P46: =VLOOKUP($B46,'DCS Data'!$E$2:$AJ$100,MATCH('Daily Report'!P$1,'DCS Data'!$E$2:$AJ$2,0),0) -> 28896.149 | Q46: =VLOOKUP($B46,'DCS Data'!$E$2:$AJ$100,MATCH('Daily Report'!Q$1,'DCS Data'!$E$2:$AJ$2,0),0) -> 28592.455 | R46: =VLOOKUP($B46,'DCS Data'!$E$2:$AJ$100,MATCH('Daily Report'!R$1,'DCS Data'!$E$2:$AJ$2,0),0) -> 27476.735 | ... AN46: =VLOOKUP($B46,'DCS Data'!$E$2:$AJ$100,MATCH('Daily Report'!AN$1,'DCS Data'!$E$2:$AJ$2,0),0) -> 33290.117
A47: Residue gas flow from MBU | B47: 170X124.PV | C47: 170X124 | D47: 170X124 | E47: Nm3/hr | F47: 10653 | G47: monthly_170X124 | H47: =SUM(I47:AN47) -> 144354.37 | I47: =VLOOKUP($B47,'DCS Data'!$E$2:$AJ$100,MATCH('Daily Report'!I$1,'DCS Data'!$E$2:$AJ$2,0),0) -> 4285.6784 | K47: =VLOOKUP($B47,'DCS Data'!$E$2:$AJ$100,MATCH('Daily Report'!K$1,'DCS Data'!$E$2:$AJ$2,0),0) -> 5028.692 | L47: =VLOOKUP($B47,'DCS Data'!$E$2:$AJ$100,MATCH('Daily Report'!L$1,'DCS Data'!$E$2:$AJ$2,0),0) -> 5042.1981 | M47: =VLOOKUP($B47,'DCS Data'!$E$2:$AJ$100,MATCH('Daily Report'!M$1,'DCS Data'!$E$2:$AJ$2,0),0) -> 4953.876 | N47: =VLOOKUP($B47,'DCS Data'!$E$2:$AJ$100,MATCH('Daily Report'!N$1,'DCS Data'!$E$2:$AJ$2,0),0) -> 5149.5744 | O47: =VLOOKUP($B47,'DCS Data'!$E$2:$AJ$100,MATCH('Daily Report'!O$1,'DCS Data'!$E$2:$AJ$2,0),0) -> 4129.7024 | P47: =VLOOKUP($B47,'DCS Data'!$E$2:$AJ$100,MATCH('Daily Report'!P$1,'DCS Data'!$E$2:$AJ$2,0),0) -> 3857.6451 | Q47: =VLOOKUP($B47,'DCS Data'!$E$2:$AJ$100,MATCH('Daily Report'!Q$1,'DCS Data'!$E$2:$AJ$2,0),0) -> 4032.5316 | R47: =VLOOKUP($B47,'DCS Data'!$E$2:$AJ$100,MATCH('Daily Report'!R$1,'DCS Data'!$E$2:$AJ$2,0),0) -> 3879.2521 | ... AN47: =VLOOKUP($B47,'DCS Data'!$E$2:$AJ$100,MATCH('Daily Report'!AN$1,'DCS Data'!$E$2:$AJ$2,0),0) -> 5234.0544
B48: 170X125.PV | C48: 170X125 | D48: 170X125 | E48: Nm3/hr | F48: 10653 | G48: monthly_170X125 | H48: =SUM(I48:AN48) -> 144048.45 | I48: =VLOOKUP($B48,'DCS Data'!$E$2:$AJ$100,MATCH('Daily Report'!I$1,'DCS Data'!$E$2:$AJ$2,0),0) -> 4276.2713 | K48: =VLOOKUP($B48,'DCS Data'!$E$2:$AJ$100,MATCH('Daily Report'!K$1,'DCS Data'!$E$2:$AJ$2,0),0) -> 5019.5818 | L48: =VLOOKUP($B48,'DCS Data'!$E$2:$AJ$100,MATCH('Daily Report'!L$1,'DCS Data'!$E$2:$AJ$2,0),0) -> 5033.4901 | M48: =VLOOKUP($B48,'DCS Data'!$E$2:$AJ$100,MATCH('Daily Report'!M$1,'DCS Data'!$E$2:$AJ$2,0),0) -> 4944.7211 | N48: =VLOOKUP($B48,'DCS Data'!$E$2:$AJ$100,MATCH('Daily Report'!N$1,'DCS Data'!$E$2:$AJ$2,0),0) -> 5140.0736 | O48: =VLOOKUP($B48,'DCS Data'!$E$2:$AJ$100,MATCH('Daily Report'!O$1,'DCS Data'!$E$2:$AJ$2,0),0) -> 4119.734 | P48: =VLOOKUP($B48,'DCS Data'!$E$2:$AJ$100,MATCH('Daily Report'!P$1,'DCS Data'!$E$2:$AJ$2,0),0) -> 3847.2568 | Q48: =VLOOKUP($B48,'DCS Data'!$E$2:$AJ$100,MATCH('Daily Report'!Q$1,'DCS Data'!$E$2:$AJ$2,0),0) -> 4022.6476 | R48: =VLOOKUP($B48,'DCS Data'!$E$2:$AJ$100,MATCH('Daily Report'!R$1,'DCS Data'!$E$2:$AJ$2,0),0) -> 3868.9918 | ... AN48: =VLOOKUP($B48,'DCS Data'!$E$2:$AJ$100,MATCH('Daily Report'!AN$1,'DCS Data'!$E$2:$AJ$2,0),0) -> 5224.4453
A49: Average Residue gas flow from MBU | B49: 170FIA175.PV | C49: 170FQI175 | D49: 170FQI175 | E49: Nm3/hr | F49: =AVERAGE(F47:F48) -> 10653 | G49: monthly_170FQI175 | H49: =SUM(I49:AN49) -> 144200.57 | I49: =VLOOKUP($B49,'DCS Data'!$E$2:$AJ$100,MATCH('Daily Report'!I$1,'DCS Data'!$E$2:$AJ$2,0),0) -> 4280.8489 | K49: =VLOOKUP($B49,'DCS Data'!$E$2:$AJ$100,MATCH('Daily Report'!K$1,'DCS Data'!$E$2:$AJ$2,0),0) -> 5024.1802 | L49: =VLOOKUP($B49,'DCS Data'!$E$2:$AJ$100,MATCH('Daily Report'!L$1,'DCS Data'!$E$2:$AJ$2,0),0) -> 5037.7402 | M49: =VLOOKUP($B49,'DCS Data'!$E$2:$AJ$100,MATCH('Daily Report'!M$1,'DCS Data'!$E$2:$AJ$2,0),0) -> 4949.2902 | N49: =VLOOKUP($B49,'DCS Data'!$E$2:$AJ$100,MATCH('Daily Report'!N$1,'DCS Data'!$E$2:$AJ$2,0),0) -> 5144.8054 | O49: =VLOOKUP($B49,'DCS Data'!$E$2:$AJ$100,MATCH('Daily Report'!O$1,'DCS Data'!$E$2:$AJ$2,0),0) -> 4124.725 | P49: =VLOOKUP($B49,'DCS Data'!$E$2:$AJ$100,MATCH('Daily Report'!P$1,'DCS Data'!$E$2:$AJ$2,0),0) -> 3852.4412 | Q49: =VLOOKUP($B49,'DCS Data'!$E$2:$AJ$100,MATCH('Daily Report'!Q$1,'DCS Data'!$E$2:$AJ$2,0),0) -> 4027.5092 | R49: =VLOOKUP($B49,'DCS Data'!$E$2:$AJ$100,MATCH('Daily Report'!R$1,'DCS Data'!$E$2:$AJ$2,0),0) -> 3874.137 | ... AN49: =VLOOKUP($B49,'DCS Data'!$E$2:$AJ$100,MATCH('Daily Report'!AN$1,'DCS Data'!$E$2:$AJ$2,0),0) -> 5229.0935
A50: Residue gas Pressure | B50: 170PEA329.PV | C50: 170PEA329 | D50: avg_residue_gas_pressure | E50: barg | G50: monthly_avg_residue_gas_pressure | H50: =AVERAGE(I50:AN50) -> 33.355681 | I50: =VLOOKUP($B50,'DCS Data'!$E$2:$AJ$100,MATCH('Daily Report'!I$1,'DCS Data'!$E$2:$AJ$2,0),0) -> 33.323315 | K50: =VLOOKUP($B50,'DCS Data'!$E$2:$AJ$100,MATCH('Daily Report'!K$1,'DCS Data'!$E$2:$AJ$2,0),0) -> 33.005304 | L50: =VLOOKUP($B50,'DCS Data'!$E$2:$AJ$100,MATCH('Daily Report'!L$1,'DCS Data'!$E$2:$AJ$2,0),0) -> 32.223748 | M50: =VLOOKUP($B50,'DCS Data'!$E$2:$AJ$100,MATCH('Daily Report'!M$1,'DCS Data'!$E$2:$AJ$2,0),0) -> 31.803625 | N50: =VLOOKUP($B50,'DCS Data'!$E$2:$AJ$100,MATCH('Daily Report'!N$1,'DCS Data'!$E$2:$AJ$2,0),0) -> 32.590492 | O50: =VLOOKUP($B50,'DCS Data'!$E$2:$AJ$100,MATCH('Daily Report'!O$1,'DCS Data'!$E$2:$AJ$2,0),0) -> 32.997533 | P50: =VLOOKUP($B50,'DCS Data'!$E$2:$AJ$100,MATCH('Daily Report'!P$1,'DCS Data'!$E$2:$AJ$2,0),0) -> 32.844153 | Q50: =VLOOKUP($B50,'DCS Data'!$E$2:$AJ$100,MATCH('Daily Report'!Q$1,'DCS Data'!$E$2:$AJ$2,0),0) -> 32.800428 | R50: =VLOOKUP($B50,'DCS Data'!$E$2:$AJ$100,MATCH('Daily Report'!R$1,'DCS Data'!$E$2:$AJ$2,0),0) -> 32.799305 | ... AN50: =VLOOKUP($B50,'DCS Data'!$E$2:$AJ$100,MATCH('Daily Report'!AN$1,'DCS Data'!$E$2:$AJ$2,0),0) -> 34.457049
A51: MBU Feed Pressure | B51: 170PEA469.PV | C51: 170PEA469 | D51: avg_mbu_feed_pressure | E51: barg | F51: 38 | G51: monthly_avg_mbu_feed_pressure | H51: =AVERAGE(I51:AN51) -> 33.882964 | I51: =VLOOKUP($B51,'DCS Data'!$E$2:$AJ$100,MATCH('Daily Report'!I$1,'DCS Data'!$E$2:$AJ$2,0),0) -> 33.749769 | K51: =VLOOKUP($B51,'DCS Data'!$E$2:$AJ$100,MATCH('Daily Report'!K$1,'DCS Data'!$E$2:$AJ$2,0),0) -> 33.532567 | L51: =VLOOKUP($B51,'DCS Data'!$E$2:$AJ$100,MATCH('Daily Report'!L$1,'DCS Data'!$E$2:$AJ$2,0),0) -> 32.774762 | M51: =VLOOKUP($B51,'DCS Data'!$E$2:$AJ$100,MATCH('Daily Report'!M$1,'DCS Data'!$E$2:$AJ$2,0),0) -> 32.338811 | N51: =VLOOKUP($B51,'DCS Data'!$E$2:$AJ$100,MATCH('Daily Report'!N$1,'DCS Data'!$E$2:$AJ$2,0),0) -> 33.154825 | O51: =VLOOKUP($B51,'DCS Data'!$E$2:$AJ$100,MATCH('Daily Report'!O$1,'DCS Data'!$E$2:$AJ$2,0),0) -> 33.465845 | P51: =VLOOKUP($B51,'DCS Data'!$E$2:$AJ$100,MATCH('Daily Report'!P$1,'DCS Data'!$E$2:$AJ$2,0),0) -> 33.278707 | Q51: =VLOOKUP($B51,'DCS Data'!$E$2:$AJ$100,MATCH('Daily Report'!Q$1,'DCS Data'!$E$2:$AJ$2,0),0) -> 33.250927 | R51: =VLOOKUP($B51,'DCS Data'!$E$2:$AJ$100,MATCH('Daily Report'!R$1,'DCS Data'!$E$2:$AJ$2,0),0) -> 33.223529 | ... AN51: =VLOOKUP($B51,'DCS Data'!$E$2:$AJ$100,MATCH('Daily Report'!AN$1,'DCS Data'!$E$2:$AJ$2,0),0) -> 35.067803
A52: MBURGm | D52: calc_mburgm_t_day | E52: T/Day | G52: monthly_calc_mburgm_t_day | H52: =SUM(I52:AN52) -> 2485.9303 | I52: =I47*24*(Analysis!J100/22.414)/1000 -> 73.803776 | K52: =K47*24*(Analysis!L100/22.414)/1000 -> 86.599232 | L52: =L47*24*(Analysis!M100/22.414)/1000 -> 86.831822 | M52: =M47*24*(Analysis!N100/22.414)/1000 -> 85.310824 | N52: =N47*24*(Analysis!O100/22.414)/1000 -> 88.680952 | O52: =O47*24*(Analysis!P100/22.414)/1000 -> 71.11771 | P52: =P47*24*(Analysis!Q100/22.414)/1000 -> 66.432605 | Q52: =Q47*24*(Analysis!R100/22.414)/1000 -> 69.44433 | R52: =R47*24*(Analysis!S100/22.414)/1000 -> 66.804699 | ... AN52: =AN47*24*(Analysis!AO100/22.414)/1000 -> 90.135785
A53: MBURGHm | D53: calc_mburghm_t_day | E53: T/Day | G53: monthly_calc_mburghm_t_day | H53: =SUM(I53:AN53) -> 142.02399 | I53: =(I52/Analysis!J100)*(Analysis!J90/100)*2.015 -> 4.2164926 | K53: =(K52/Analysis!L100)*(Analysis!L90/100)*2.015 -> 4.9475114 | L53: =(L52/Analysis!M100)*(Analysis!M90/100)*2.015 -> 4.9607995 | M53: =(M52/Analysis!N100)*(Analysis!N90/100)*2.015 -> 4.8739032 | N53: =(N52/Analysis!O100)*(Analysis!O90/100)*2.015 -> 5.0664424 | O53: =(O52/Analysis!P100)*(Analysis!P90/100)*2.015 -> 4.0630346 | P53: =(P52/Analysis!Q100)*(Analysis!Q90/100)*2.015 -> 3.7953693 | Q53: =(Q52/Analysis!R100)*(Analysis!R90/100)*2.015 -> 3.9674325 | R53: =(R52/Analysis!S100)*(Analysis!S90/100)*2.015 -> 3.8166274 | ... AN53: =(AN52/Analysis!AO100)*(Analysis!AO90/100)*2.015 -> 5.1495586
A54: MBU Fresh gas flow (MBUPm) | D54: calc_mbu_fresh_gas_t_day | E54: T/Day | G54: monthly_calc_mbu_fresh_gas_t_day | H54: =SUM(I54:AN54) -> 2116.5156 | I54: =(I46-I47)*24*(Analysis!J89/22.414)/1000 -> 53.127389 | K54: =(K46-K47)*24*(Analysis!L89/22.414)/1000 -> 61.462208 | L54: =(L46-L47)*24*(Analysis!M89/22.414)/1000 -> 64.916467 | M54: =(M46-M47)*24*(Analysis!N89/22.414)/1000 -> 64.008576 | N54: =(N46-N47)*24*(Analysis!O89/22.414)/1000 -> 64.56356 | O54: =(O46-O47)*24*(Analysis!P89/22.414)/1000 -> 66.02749 | P54: =(P46-P47)*24*(Analysis!Q89/22.414)/1000 -> 64.775628 | Q54: =(Q46-Q47)*24*(Analysis!R89/22.414)/1000 -> 63.537521 | R54: =(R46-R47)*24*(Analysis!S89/22.414)/1000 -> 61.047649 | ... AN54: =(AN46-AN47)*24*(Analysis!AO89/22.414)/1000 -> 72.582176
A55: MBUPHm | D55: calc_mbuphm_t_day | E55: T/Day | G55: monthly_calc_mbuphm_t_day | H55: =SUM(I55:AN55) -> 1729.861 | I55: =(I54/Analysis!J89)*(Analysis!J83/100)*2.015 -> 43.42184 | K55: =(K54/Analysis!L89)*(Analysis!L83/100)*2.015 -> 50.234016 | L55: =(L54/Analysis!M89)*(Analysis!M83/100)*2.015 -> 53.057236 | M55: =(M54/Analysis!N89)*(Analysis!N83/100)*2.015 -> 52.315202 | N55: =(N54/Analysis!O89)*(Analysis!O83/100)*2.015 -> 52.7688 | O55: =(O54/Analysis!P89)*(Analysis!P83/100)*2.015 -> 53.965292 | P55: =(P54/Analysis!Q89)*(Analysis!Q83/100)*2.015 -> 52.942126 | Q55: =(Q54/Analysis!R89)*(Analysis!R83/100)*2.015 -> 51.930202 | R55: =(R54/Analysis!S89)*(Analysis!S83/100)*2.015 -> 49.895191 | ... AN55: =(AN54/Analysis!AO89)*(Analysis!AO83/100)*2.015 -> 59.322539
A56: FuelConm | D56: calc_fuelconm_t_day | E56: T/Day | G56: monthly_calc_fuelconm_t_day | H56: =SUM(I56:AN56) -> 710.83501 | I56: =(I47*(Analysis!J100/22.414)*24*(1-(I41/(I38+I41+I44))))/1000 -> 14.764372 | K56: =(K47*(Analysis!L100/22.414)*24*(1-(K41/(K38+K41+K44))))/1000 -> 20.772077 | L56: =(L47*(Analysis!M100/22.414)*24*(1-(L41/(L38+L41+L44))))/1000 -> 21.245578 | M56: =(M47*(Analysis!N100/22.414)*24*(1-(M41/(M38+M41+M44))))/1000 -> 21.578677 | N56: =(N47*(Analysis!O100/22.414)*24*(1-(N41/(N38+N41+N44))))/1000 -> 22.591051 | O56: =(O47*(Analysis!P100/22.414)*24*(1-(O41/(O38+O41+O44))))/1000 -> 20.75579 | P56: =(P47*(Analysis!Q100/22.414)*24*(1-(P41/(P38+P41+P44))))/1000 -> 19.628794 | Q56: =(Q47*(Analysis!R100/22.414)*24*(1-(Q41/(Q38+Q41+Q44))))/1000 -> 19.177556 | R56: =(R47*(Analysis!S100/22.414)*24*(1-(R41/(R38+R41+R44))))/1000 -> 16.780526 | ... AN56: =(AN47*(Analysis!AO100/22.414)*24*(1-(AN41/(AN38+AN41+AN44))))/1000 -> 23.05201
A57: Recycle Hydrogen | B57: 60FR006.PV | C57: 60FQI006 | D57: 60FQI006 | E57: T/Day | F57: 3.5 | G57: monthly_60FQI006 | H57: =SUM(I57:AN57) -> 108.49865 | I57: =VLOOKUP($B57,'DCS Data'!$E$2:$AJ$100,MATCH('Daily Report'!I$1,'DCS Data'!$E$2:$AJ$2,0),0) -> 3.4997912 | K57: =VLOOKUP($B57,'DCS Data'!$E$2:$AJ$100,MATCH('Daily Report'!K$1,'DCS Data'!$E$2:$AJ$2,0),0) -> 3.4996422 | L57: =VLOOKUP($B57,'DCS Data'!$E$2:$AJ$100,MATCH('Daily Report'!L$1,'DCS Data'!$E$2:$AJ$2,0),0) -> 3.4998225 | M57: =VLOOKUP($B57,'DCS Data'!$E$2:$AJ$100,MATCH('Daily Report'!M$1,'DCS Data'!$E$2:$AJ$2,0),0) -> 3.5001772 | N57: =VLOOKUP($B57,'DCS Data'!$E$2:$AJ$100,MATCH('Daily Report'!N$1,'DCS Data'!$E$2:$AJ$2,0),0) -> 3.500037 | O57: =VLOOKUP($B57,'DCS Data'!$E$2:$AJ$100,MATCH('Daily Report'!O$1,'DCS Data'!$E$2:$AJ$2,0),0) -> 3.4999756 | P57: =VLOOKUP($B57,'DCS Data'!$E$2:$AJ$100,MATCH('Daily Report'!P$1,'DCS Data'!$E$2:$AJ$2,0),0) -> 3.4998563 | Q57: =VLOOKUP($B57,'DCS Data'!$E$2:$AJ$100,MATCH('Daily Report'!Q$1,'DCS Data'!$E$2:$AJ$2,0),0) -> 3.4997384 | R57: =VLOOKUP($B57,'DCS Data'!$E$2:$AJ$100,MATCH('Daily Report'!R$1,'DCS Data'!$E$2:$AJ$2,0),0) -> 3.4999437 | ... AN57: =VLOOKUP($B57,'DCS Data'!$E$2:$AJ$100,MATCH('Daily Report'!AN$1,'DCS Data'!$E$2:$AJ$2,0),0) -> 3.4998577
A58: H2 Wt% in recyle hydrogen | D58: calc_h2_wt_recycle_hydrogen_per | E58: % | G58: monthly_calc_h2_wt_recycle_hydrogen_per | H58: =AVERAGE(I58:AN58) -> 67.166844 | I58: =(((I33/Analysis!J50)*2.015*(Analysis!J45/100)+((I36/Analysis!J38)*2.015))/(I33+I36)*100) -> 67.166844 | J58: 67.166844 | K58: =(((K33/Analysis!L50)*2.015*(Analysis!L45/100)+((K36/Analysis!L38)*2.015))/(K33+K36)*100) -> 67.166844 | L58: =(((L33/Analysis!M50)*2.015*(Analysis!M45/100)+((L36/Analysis!M38)*2.015))/(L33+L36)*100) -> 67.166844 | M58: =(((M33/Analysis!N50)*2.015*(Analysis!N45/100)+((M36/Analysis!N38)*2.015))/(M33+M36)*100) -> 67.166844 | N58: =(((N33/Analysis!O50)*2.015*(Analysis!O45/100)+((N36/Analysis!O38)*2.015))/(N33+N36)*100) -> 67.166844 | O58: =(((O33/Analysis!P50)*2.015*(Analysis!P45/100)+((O36/Analysis!P38)*2.015))/(O33+O36)*100) -> 67.166844 | P58: =(((P33/Analysis!Q50)*2.015*(Analysis!Q45/100)+((P36/Analysis!Q38)*2.015))/(P33+P36)*100) -> 67.166844 | Q58: =(((Q33/Analysis!R50)*2.015*(Analysis!R45/100)+((Q36/Analysis!R38)*2.015))/(Q33+Q36)*100) -> 67.166844 | R58: =(((R33/Analysis!S50)*2.015*(Analysis!S45/100)+((R36/Analysis!S38)*2.015))/(R33+R36)*100) -> 67.166844 | ... AN58: =(((AN33/Analysis!AO50)*2.015*(Analysis!AO45/100)+((AN36/Analysis!AO38)*2.015))/(AN33+AN36)*100) -> 67.166844
A59: Pure H2 Product | D59: calc_pure_h2_product_t_day | E59: T/Day | G59: monthly_calc_pure_h2_product_t_day | H59: =SUM(I59:AN59) -> 6668.518 | I59: =(I33)+((I47*24*(Analysis!J90/100)*2.015)/(1000*22.414))+((I46-I47)*24*2.015*(Analysis!J83/100)/(1000*22.414))-((I41/Analysis!J71)*(Analysis!J61/100)*2.015*0.8357)+((I36/Analysis!J38)*(Analysis!J33/100)*2.015)-(I57*I58/100) -> 207.75257 | K59: =(K33)+((K47*24*(Analysis!L90/100)*2.015)/(1000*22.414))+((K46-K47)*24*2.015*(Analysis!L83/100)/(1000*22.414))-((K41/Analysis!L71)*(Analysis!L61/100)*2.015*0.8357)+((K36/Analysis!L38)*(Analysis!L33/100)*2.015)-(K57*K58/100) -> 237.04341 | L59: =(L33)+((L47*24*(Analysis!M90/100)*2.015)/(1000*22.414))+((L46-L47)*24*2.015*(Analysis!M83/100)/(1000*22.414))-((L41/Analysis!M71)*(Analysis!M61/100)*2.015*0.8357)+((L36/Analysis!M38)*(Analysis!M33/100)*2.015)-(L57*L58/100) -> 237.49955 | M59: =(M33)+((M47*24*(Analysis!N90/100)*2.015)/(1000*22.414))+((M46-M47)*24*2.015*(Analysis!N83/100)/(1000*22.414))-((M41/Analysis!N71)*(Analysis!N61/100)*2.015*0.8357)+((M36/Analysis!N38)*(Analysis!N33/100)*2.015)-(M57*M58/100) -> 236.38104 | N59: =(N33)+((N47*24*(Analysis!O90/100)*2.015)/(1000*22.414))+((N46-N47)*24*2.015*(Analysis!O83/100)/(1000*22.414))-((N41/Analysis!O71)*(Analysis!O61/100)*2.015*0.8357)+((N36/Analysis!O38)*(Analysis!O33/100)*2.015)-(N57*N58/100) -> 237.58303 | O59: =(O33)+((O47*24*(Analysis!P90/100)*2.015)/(1000*22.414))+((O46-O47)*24*2.015*(Analysis!P83/100)/(1000*22.414))-((O41/Analysis!P71)*(Analysis!P61/100)*2.015*0.8357)+((O36/Analysis!P38)*(Analysis!P33/100)*2.015)-(O57*O58/100) -> 245.089 | P59: =(P33)+((P47*24*(Analysis!Q90/100)*2.015)/(1000*22.414))+((P46-P47)*24*2.015*(Analysis!Q83/100)/(1000*22.414))-((P41/Analysis!Q71)*(Analysis!Q61/100)*2.015*0.8357)+((P36/Analysis!Q38)*(Analysis!Q33/100)*2.015)-(P57*P58/100) -> 244.60641 | Q59: =(Q33)+((Q47*24*(Analysis!R90/100)*2.015)/(1000*22.414))+((Q46-Q47)*24*2.015*(Analysis!R83/100)/(1000*22.414))-((Q41/Analysis!R71)*(Analysis!R61/100)*2.015*0.8357)+((Q36/Analysis!R38)*(Analysis!R33/100)*2.015)-(Q57*Q58/100) -> 239.89835 | R59: =(R33)+((R47*24*(Analysis!S90/100)*2.015)/(1000*22.414))+((R46-R47)*24*2.015*(Analysis!S83/100)/(1000*22.414))-((R41/Analysis!S71)*(Analysis!S61/100)*2.015*0.8357)+((R36/Analysis!S38)*(Analysis!S33/100)*2.015)-(R57*R58/100) -> 236.22499 | ... AN59: =(AN33)+((AN47*24*(Analysis!AO90/100)*2.015)/(1000*22.414))+((AN46-AN47)*24*2.015*(Analysis!AO83/100)/(1000*22.414))-((AN41/Analysis!AO71)*(Analysis!AO61/100)*2.015*0.8357)+((AN36/Analysis!AO38)*(Analysis!AO33/100)*2.015)-(AN57*AN58/100) -> 235.3525
A60: Pure H2 Product without residue gas (NOH) | D60: calc_pure_h2_product_without_residue_t_day | E60: T/Day | G60: monthly_calc_pure_h2_product_without_residue_t_day | H60: =SUM(I60:AN60) -> 6526.494 | I60: =(I33)+((0*24*(Analysis!J90/100)*2.015)/(1000*22.414))+((I46-I47)*24*2.015*(Analysis!J83/100)/(1000*22.414))-((I41/Analysis!J71)*(Analysis!J61/100)*2.015*0.8357)+((I36/Analysis!J38)*(Analysis!J33/100)*2.015)-(I57*I58/100) -> 203.53608 | K60: =((K33)+((0*24*(Analysis!L90/100)*2.015)/(1000*22.414))+((K46-K47)*24*2.015*(Analysis!L83/100)/(1000*22.414))-((K41/Analysis!L71)*(Analysis!L61/100)*2.015*0.8357)+((K36/Analysis!L38)*(Analysis!L33/100)*2.015)-(K57*K58/100)) -> 232.0959 | L60: =((L33)+((0*24*(Analysis!M90/100)*2.015)/(1000*22.414))+((L46-L47)*24*2.015*(Analysis!M83/100)/(1000*22.414))-((L41/Analysis!M71)*(Analysis!M61/100)*2.015*0.8357)+((L36/Analysis!M38)*(Analysis!M33/100)*2.015)-(L57*L58/100)) -> 232.53875 | M60: =((M33)+((0*24*(Analysis!N90/100)*2.015)/(1000*22.414))+((M46-M47)*24*2.015*(Analysis!N83/100)/(1000*22.414))-((M41/Analysis!N71)*(Analysis!N61/100)*2.015*0.8357)+((M36/Analysis!N38)*(Analysis!N33/100)*2.015)-(M57*M58/100)) -> 231.50714 | N60: =((N33)+((0*24*(Analysis!O90/100)*2.015)/(1000*22.414))+((N46-N47)*24*2.015*(Analysis!O83/100)/(1000*22.414))-((N41/Analysis!O71)*(Analysis!O61/100)*2.015*0.8357)+((N36/Analysis!O38)*(Analysis!O33/100)*2.015)-(N57*N58/100)) -> 232.51659 | O60: =((O33)+((0*24*(Analysis!P90/100)*2.015)/(1000*22.414))+((O46-O47)*24*2.015*(Analysis!P83/100)/(1000*22.414))-((O41/Analysis!P71)*(Analysis!P61/100)*2.015*0.8357)+((O36/Analysis!P38)*(Analysis!P33/100)*2.015)-(O57*O58/100)) -> 241.02597 | P60: =((P33)+((0*24*(Analysis!Q90/100)*2.015)/(1000*22.414))+((P46-P47)*24*2.015*(Analysis!Q83/100)/(1000*22.414))-((P41/Analysis!Q71)*(Analysis!Q61/100)*2.015*0.8357)+((P36/Analysis!Q38)*(Analysis!Q33/100)*2.015)-(P57*P58/100)) -> 240.81104 | Q60: =((Q33)+((0*24*(Analysis!R90/100)*2.015)/(1000*22.414))+((Q46-Q47)*24*2.015*(Analysis!R83/100)/(1000*22.414))-((Q41/Analysis!R71)*(Analysis!R61/100)*2.015*0.8357)+((Q36/Analysis!R38)*(Analysis!R33/100)*2.015)-(Q57*Q58/100)) -> 235.93091 | R60: =((R33)+((0*24*(Analysis!S90/100)*2.015)/(1000*22.414))+((R46-R47)*24*2.015*(Analysis!S83/100)/(1000*22.414))-((R41/Analysis!S71)*(Analysis!S61/100)*2.015*0.8357)+((R36/Analysis!S38)*(Analysis!S33/100)*2.015)-(R57*R58/100)) -> 232.40836 | ... AN60: =((AN33)+((0*24*(Analysis!AO90/100)*2.015)/(1000*22.414))+((AN46-AN47)*24*2.015*(Analysis!AO83/100)/(1000*22.414))-((AN41/Analysis!AO71)*(Analysis!AO61/100)*2.015*0.8357)+((AN36/Analysis!AO38)*(Analysis!AO33/100)*2.015)-(AN57*AN58/100)) -> 230.20294
A61: PSA Recovery | D61: calc_psa_recovery | G61: monthly_calc_psa_recovery | H61: =AVERAGE(I61:AN61) -> 0 | I61: =((I33*(Analysis!J45/100))/((I23/Analysis!J38)*(Analysis!J33/100)*2.015))*100 -> 0 | K61: =((K33*(Analysis!L45/100))/((K23/Analysis!L38)*(Analysis!L33/100)*2.015))*100 -> 0 | L61: =((L33*(Analysis!M45/100))/((L23/Analysis!M38)*(Analysis!M33/100)*2.015))*100 -> 0 | M61: =((M33*(Analysis!N45/100))/((M23/Analysis!N38)*(Analysis!N33/100)*2.015))*100 -> 0 | N61: =((N33*(Analysis!O45/100))/((N23/Analysis!O38)*(Analysis!O33/100)*2.015))*100 -> 0 | O61: =((O33*(Analysis!P45/100))/((O23/Analysis!P38)*(Analysis!P33/100)*2.015))*100 -> 0 | P61: =((P33*(Analysis!Q45/100))/((P23/Analysis!Q38)*(Analysis!Q33/100)*2.015))*100 -> 0 | Q61: =((Q33*(Analysis!R45/100))/((Q23/Analysis!R38)*(Analysis!R33/100)*2.015))*100 -> 0 | R61: =((R33*(Analysis!S45/100))/((R23/Analysis!S38)*(Analysis!S33/100)*2.015))*100 -> 0 | ... AN61: =((AN33*(Analysis!AO45/100))/((AN23/Analysis!AO38)*(Analysis!AO33/100)*2.015))*100 -> 0
A62: MBU Recovery (AHRFm) | D62: calc_mbu_recovery_ahrfm | F62: CCR + Tail gas CCR + HMU | G62: monthly_calc_mbu_recovery_ahrfm | H62: =AVERAGE(I62:AN62) -> 93.738397 | I62: =((I46-I47)*(Analysis!J83/100))/(I46*Analysis!J72/100)*100 -> 92.400657 | K62: =((K46-K47)*(Analysis!L83/100))/(K46*Analysis!L72/100)*100 -> 91.387592 | L62: =((L46-L47)*(Analysis!M83/100))/(L46*Analysis!M72/100)*100 -> 92.22364 | M62: =((M46-M47)*(Analysis!N83/100))/(M46*Analysis!N72/100)*100 -> 91.988317 | N62: =((N46-N47)*(Analysis!O83/100))/(N46*Analysis!O72/100)*100 -> 91.697683 | O62: =((O46-O47)*(Analysis!P83/100))/(O46*Analysis!P72/100)*100 -> 94.703642 | P62: =((P46-P47)*(Analysis!Q83/100))/(P46*Analysis!Q72/100)*100 -> 95.125667 | Q62: =((Q46-Q47)*(Analysis!R83/100))/(Q46*Analysis!R72/100)*100 -> 94.804155 | R62: =((R46-R47)*(Analysis!S83/100))/(R46*Analysis!S72/100)*100 -> 95.23802 | ... AN62: =((AN46-AN47)*(Analysis!AO83/100))/(AN46*Analysis!AO72/100)*100 -> 93.387019
A63: Import Hydrogen from ALAR | B63: 170STR2CMAS.PV | C63: 170FQISTR2CMAS | D63: 170FQISTR2CMAS | E63: T/Day | G63: monthly_170FQISTR2CMAS | H63: =SUM(I63:AN63) -> 470.78465 | I63: =VLOOKUP($B63,'DCS Data'!$E$2:$AJ$100,MATCH('Daily Report'!I$1,'DCS Data'!$E$2:$AJ$2,0),0) -> 8.0266814 | K63: =VLOOKUP($B63,'DCS Data'!$E$2:$AJ$100,MATCH('Daily Report'!K$1,'DCS Data'!$E$2:$AJ$2,0),0) -> 11.578448 | L63: =VLOOKUP($B63,'DCS Data'!$E$2:$AJ$100,MATCH('Daily Report'!L$1,'DCS Data'!$E$2:$AJ$2,0),0) -> 11.953033 | M63: =VLOOKUP($B63,'DCS Data'!$E$2:$AJ$100,MATCH('Daily Report'!M$1,'DCS Data'!$E$2:$AJ$2,0),0) -> 12.075272 | N63: =VLOOKUP($B63,'DCS Data'!$E$2:$AJ$100,MATCH('Daily Report'!N$1,'DCS Data'!$E$2:$AJ$2,0),0) -> 12.060503 | O63: =VLOOKUP($B63,'DCS Data'!$E$2:$AJ$100,MATCH('Daily Report'!O$1,'DCS Data'!$E$2:$AJ$2,0),0) -> 12.136466 | P63: =VLOOKUP($B63,'DCS Data'!$E$2:$AJ$100,MATCH('Daily Report'!P$1,'DCS Data'!$E$2:$AJ$2,0),0) -> 12.583467 | Q63: =VLOOKUP($B63,'DCS Data'!$E$2:$AJ$100,MATCH('Daily Report'!Q$1,'DCS Data'!$E$2:$AJ$2,0),0) -> 12.286708 | R63: =VLOOKUP($B63,'DCS Data'!$E$2:$AJ$100,MATCH('Daily Report'!R$1,'DCS Data'!$E$2:$AJ$2,0),0) -> 14.308877 | ... AN63: =VLOOKUP($B63,'DCS Data'!$E$2:$AJ$100,MATCH('Daily Report'!AN$1,'DCS Data'!$E$2:$AJ$2,0),0) -> 19.967848
A64: SMR Inlet Temperature | B64: 60TR027.PV | C64: 60TR027 | D64: avg_smr_inlet_temperature | E64: 0C | F64: 470 | G64: monthly_avg_smr_inlet_temperature | H64: =AVERAGE(I64:AN64) -> 457.94584 | I64: =VLOOKUP($B64,'DCS Data'!$E$2:$AJ$100,MATCH('Daily Report'!I$1,'DCS Data'!$E$2:$AJ$2,0),0) -> 449.22198 | K64: =VLOOKUP($B64,'DCS Data'!$E$2:$AJ$100,MATCH('Daily Report'!K$1,'DCS Data'!$E$2:$AJ$2,0),0) -> 446.57338 | L64: =VLOOKUP($B64,'DCS Data'!$E$2:$AJ$100,MATCH('Daily Report'!L$1,'DCS Data'!$E$2:$AJ$2,0),0) -> 446.91044 | M64: =VLOOKUP($B64,'DCS Data'!$E$2:$AJ$100,MATCH('Daily Report'!M$1,'DCS Data'!$E$2:$AJ$2,0),0) -> 447.77019 | N64: =VLOOKUP($B64,'DCS Data'!$E$2:$AJ$100,MATCH('Daily Report'!N$1,'DCS Data'!$E$2:$AJ$2,0),0) -> 453.45572 | O64: =VLOOKUP($B64,'DCS Data'!$E$2:$AJ$100,MATCH('Daily Report'!O$1,'DCS Data'!$E$2:$AJ$2,0),0) -> 459.30698 | P64: =VLOOKUP($B64,'DCS Data'!$E$2:$AJ$100,MATCH('Daily Report'!P$1,'DCS Data'!$E$2:$AJ$2,0),0) -> 459.21824 | Q64: =VLOOKUP($B64,'DCS Data'!$E$2:$AJ$100,MATCH('Daily Report'!Q$1,'DCS Data'!$E$2:$AJ$2,0),0) -> 459.5228 | R64: =VLOOKUP($B64,'DCS Data'!$E$2:$AJ$100,MATCH('Daily Report'!R$1,'DCS Data'!$E$2:$AJ$2,0),0) -> 460.96198 | ... AN64: =VLOOKUP($B64,'DCS Data'!$E$2:$AJ$100,MATCH('Daily Report'!AN$1,'DCS Data'!$E$2:$AJ$2,0),0) -> 457.66104
A65: SMR Outlet Temperature | B65: 60TR028.PV | C65: 60TR028-AI | D65: avg_smr_outlet_temperature | E65: 0C | F65: 835 | G65: monthly_avg_smr_outlet_temperature | H65: =AVERAGE(I65:AN65) -> 802.75371 | I65: =VLOOKUP($B65,'DCS Data'!$E$2:$AJ$100,MATCH('Daily Report'!I$1,'DCS Data'!$E$2:$AJ$2,0),0) -> 798.54952 | K65: =VLOOKUP($B65,'DCS Data'!$E$2:$AJ$100,MATCH('Daily Report'!K$1,'DCS Data'!$E$2:$AJ$2,0),0) -> 800.26996 | L65: =VLOOKUP($B65,'DCS Data'!$E$2:$AJ$100,MATCH('Daily Report'!L$1,'DCS Data'!$E$2:$AJ$2,0),0) -> 803.07766 | M65: =VLOOKUP($B65,'DCS Data'!$E$2:$AJ$100,MATCH('Daily Report'!M$1,'DCS Data'!$E$2:$AJ$2,0),0) -> 802.97043 | N65: =VLOOKUP($B65,'DCS Data'!$E$2:$AJ$100,MATCH('Daily Report'!N$1,'DCS Data'!$E$2:$AJ$2,0),0) -> 802.57538 | O65: =VLOOKUP($B65,'DCS Data'!$E$2:$AJ$100,MATCH('Daily Report'!O$1,'DCS Data'!$E$2:$AJ$2,0),0) -> 802.9955 | P65: =VLOOKUP($B65,'DCS Data'!$E$2:$AJ$100,MATCH('Daily Report'!P$1,'DCS Data'!$E$2:$AJ$2,0),0) -> 803.0202 | Q65: =VLOOKUP($B65,'DCS Data'!$E$2:$AJ$100,MATCH('Daily Report'!Q$1,'DCS Data'!$E$2:$AJ$2,0),0) -> 803.11795 | R65: =VLOOKUP($B65,'DCS Data'!$E$2:$AJ$100,MATCH('Daily Report'!R$1,'DCS Data'!$E$2:$AJ$2,0),0) -> 802.9595 | ... AN65: =VLOOKUP($B65,'DCS Data'!$E$2:$AJ$100,MATCH('Daily Report'!AN$1,'DCS Data'!$E$2:$AJ$2,0),0) -> 803.00174
A66: Combustion Air Flow | B66: 60FR054.PV | C66: 60FQI054 | D66: 60FQI054 | E66: T/Day | F66: 7360.4 | G66: monthly_60FQI054 | H66: =SUM(I66:AN66) -> 179594.04 | I66: =VLOOKUP($B66,'DCS Data'!$E$2:$AJ$100,MATCH('Daily Report'!I$1,'DCS Data'!$E$2:$AJ$2,0),0) -> 4731.0128 | K66: =VLOOKUP($B66,'DCS Data'!$E$2:$AJ$100,MATCH('Daily Report'!K$1,'DCS Data'!$E$2:$AJ$2,0),0) -> 5068.4044 | L66: =VLOOKUP($B66,'DCS Data'!$E$2:$AJ$100,MATCH('Daily Report'!L$1,'DCS Data'!$E$2:$AJ$2,0),0) -> 5121.3145 | M66: =VLOOKUP($B66,'DCS Data'!$E$2:$AJ$100,MATCH('Daily Report'!M$1,'DCS Data'!$E$2:$AJ$2,0),0) -> 5130.2947 | N66: =VLOOKUP($B66,'DCS Data'!$E$2:$AJ$100,MATCH('Daily Report'!N$1,'DCS Data'!$E$2:$AJ$2,0),0) -> 5410.7452 | O66: =VLOOKUP($B66,'DCS Data'!$E$2:$AJ$100,MATCH('Daily Report'!O$1,'DCS Data'!$E$2:$AJ$2,0),0) -> 5931.087 | P66: =VLOOKUP($B66,'DCS Data'!$E$2:$AJ$100,MATCH('Daily Report'!P$1,'DCS Data'!$E$2:$AJ$2,0),0) -> 5941.6708 | Q66: =VLOOKUP($B66,'DCS Data'!$E$2:$AJ$100,MATCH('Daily Report'!Q$1,'DCS Data'!$E$2:$AJ$2,0),0) -> 5934.052 | R66: =VLOOKUP($B66,'DCS Data'!$E$2:$AJ$100,MATCH('Daily Report'!R$1,'DCS Data'!$E$2:$AJ$2,0),0) -> 5945.3784 | ... AN66: =VLOOKUP($B66,'DCS Data'!$E$2:$AJ$100,MATCH('Daily Report'!AN$1,'DCS Data'!$E$2:$AJ$2,0),0) -> 5977.6852
A67: HTS Inlet Temperature | B67: 60TR035.PV | C67: 60TR035AI | D67: avg_hts_inlet_temperature | E67: 0C | F67: 340 | G67: monthly_avg_hts_inlet_temperature | H67: =AVERAGE(I67:AN67) -> 329.45829 | I67: =VLOOKUP($B67,'DCS Data'!$E$2:$AJ$100,MATCH('Daily Report'!I$1,'DCS Data'!$E$2:$AJ$2,0),0) -> 325.71572 | K67: =VLOOKUP($B67,'DCS Data'!$E$2:$AJ$100,MATCH('Daily Report'!K$1,'DCS Data'!$E$2:$AJ$2,0),0) -> 328.80409 | L67: =VLOOKUP($B67,'DCS Data'!$E$2:$AJ$100,MATCH('Daily Report'!L$1,'DCS Data'!$E$2:$AJ$2,0),0) -> 329.16441 | M67: =VLOOKUP($B67,'DCS Data'!$E$2:$AJ$100,MATCH('Daily Report'!M$1,'DCS Data'!$E$2:$AJ$2,0),0) -> 329.31585 | N67: =VLOOKUP($B67,'DCS Data'!$E$2:$AJ$100,MATCH('Daily Report'!N$1,'DCS Data'!$E$2:$AJ$2,0),0) -> 329.35532 | O67: =VLOOKUP($B67,'DCS Data'!$E$2:$AJ$100,MATCH('Daily Report'!O$1,'DCS Data'!$E$2:$AJ$2,0),0) -> 330.16962 | P67: =VLOOKUP($B67,'DCS Data'!$E$2:$AJ$100,MATCH('Daily Report'!P$1,'DCS Data'!$E$2:$AJ$2,0),0) -> 330.43694 | Q67: =VLOOKUP($B67,'DCS Data'!$E$2:$AJ$100,MATCH('Daily Report'!Q$1,'DCS Data'!$E$2:$AJ$2,0),0) -> 330.43532 | R67: =VLOOKUP($B67,'DCS Data'!$E$2:$AJ$100,MATCH('Daily Report'!R$1,'DCS Data'!$E$2:$AJ$2,0),0) -> 329.74578 | ... AN67: =VLOOKUP($B67,'DCS Data'!$E$2:$AJ$100,MATCH('Daily Report'!AN$1,'DCS Data'!$E$2:$AJ$2,0),0) -> 331.40384
B68: 60TR036.PV | C68: 60TR036 | D68: avg_60tr036 | E68: 0C | F68: 384 | G68: monthly_avg_60tr036 | H68: =AVERAGE(I68:AN68) -> 373.13175 | I68: =VLOOKUP($B68,'DCS Data'!$E$2:$AJ$100,MATCH('Daily Report'!I$1,'DCS Data'!$E$2:$AJ$2,0),0) -> 368.50433 | K68: =VLOOKUP($B68,'DCS Data'!$E$2:$AJ$100,MATCH('Daily Report'!K$1,'DCS Data'!$E$2:$AJ$2,0),0) -> 372.53179 | L68: =VLOOKUP($B68,'DCS Data'!$E$2:$AJ$100,MATCH('Daily Report'!L$1,'DCS Data'!$E$2:$AJ$2,0),0) -> 372.99572 | M68: =VLOOKUP($B68,'DCS Data'!$E$2:$AJ$100,MATCH('Daily Report'!M$1,'DCS Data'!$E$2:$AJ$2,0),0) -> 373.07681 | N68: =VLOOKUP($B68,'DCS Data'!$E$2:$AJ$100,MATCH('Daily Report'!N$1,'DCS Data'!$E$2:$AJ$2,0),0) -> 373.50677 | O68: =VLOOKUP($B68,'DCS Data'!$E$2:$AJ$100,MATCH('Daily Report'!O$1,'DCS Data'!$E$2:$AJ$2,0),0) -> 374.45004 | P68: =VLOOKUP($B68,'DCS Data'!$E$2:$AJ$100,MATCH('Daily Report'!P$1,'DCS Data'!$E$2:$AJ$2,0),0) -> 374.32473 | Q68: =VLOOKUP($B68,'DCS Data'!$E$2:$AJ$100,MATCH('Daily Report'!Q$1,'DCS Data'!$E$2:$AJ$2,0),0) -> 373.69074 | R68: =VLOOKUP($B68,'DCS Data'!$E$2:$AJ$100,MATCH('Daily Report'!R$1,'DCS Data'!$E$2:$AJ$2,0),0) -> 372.94176 | ... AN68: =VLOOKUP($B68,'DCS Data'!$E$2:$AJ$100,MATCH('Daily Report'!AN$1,'DCS Data'!$E$2:$AJ$2,0),0) -> 375.55506
B69: 60TR038.PV | C69: 60TR038-AI | D69: avg_60tr038_ai | E69: 0C | G69: monthly_avg_60tr038_ai | H69: =AVERAGE(I69:AN69) -> 200.00282 | I69: =VLOOKUP($B69,'DCS Data'!$E$2:$AJ$100,MATCH('Daily Report'!I$1,'DCS Data'!$E$2:$AJ$2,0),0) -> 200.08186 | K69: =VLOOKUP($B69,'DCS Data'!$E$2:$AJ$100,MATCH('Daily Report'!K$1,'DCS Data'!$E$2:$AJ$2,0),0) -> 200.01525 | L69: =VLOOKUP($B69,'DCS Data'!$E$2:$AJ$100,MATCH('Daily Report'!L$1,'DCS Data'!$E$2:$AJ$2,0),0) -> 199.99337 | M69: =VLOOKUP($B69,'DCS Data'!$E$2:$AJ$100,MATCH('Daily Report'!M$1,'DCS Data'!$E$2:$AJ$2,0),0) -> 200.00024 | N69: =VLOOKUP($B69,'DCS Data'!$E$2:$AJ$100,MATCH('Daily Report'!N$1,'DCS Data'!$E$2:$AJ$2,0),0) -> 199.99528 | O69: =VLOOKUP($B69,'DCS Data'!$E$2:$AJ$100,MATCH('Daily Report'!O$1,'DCS Data'!$E$2:$AJ$2,0),0) -> 200.0032 | P69: =VLOOKUP($B69,'DCS Data'!$E$2:$AJ$100,MATCH('Daily Report'!P$1,'DCS Data'!$E$2:$AJ$2,0),0) -> 200.00449 | Q69: =VLOOKUP($B69,'DCS Data'!$E$2:$AJ$100,MATCH('Daily Report'!Q$1,'DCS Data'!$E$2:$AJ$2,0),0) -> 199.99149 | R69: =VLOOKUP($B69,'DCS Data'!$E$2:$AJ$100,MATCH('Daily Report'!R$1,'DCS Data'!$E$2:$AJ$2,0),0) -> 199.99619 | ... AN69: =VLOOKUP($B69,'DCS Data'!$E$2:$AJ$100,MATCH('Daily Report'!AN$1,'DCS Data'!$E$2:$AJ$2,0),0) -> 200.00248
B70: 60TR040.PV | C70: 60TR040 | D70: avg_60tr040 | E70: 0C | F70: 207 | G70: monthly_avg_60tr040 | H70: =AVERAGE(I70:AN70) -> 206.51829 | I70: =VLOOKUP($B70,'DCS Data'!$E$2:$AJ$100,MATCH('Daily Report'!I$1,'DCS Data'!$E$2:$AJ$2,0),0) -> 206.09759 | K70: =VLOOKUP($B70,'DCS Data'!$E$2:$AJ$100,MATCH('Daily Report'!K$1,'DCS Data'!$E$2:$AJ$2,0),0) -> 206.18926 | L70: =VLOOKUP($B70,'DCS Data'!$E$2:$AJ$100,MATCH('Daily Report'!L$1,'DCS Data'!$E$2:$AJ$2,0),0) -> 206.1994 | M70: =VLOOKUP($B70,'DCS Data'!$E$2:$AJ$100,MATCH('Daily Report'!M$1,'DCS Data'!$E$2:$AJ$2,0),0) -> 206.23001 | N70: =VLOOKUP($B70,'DCS Data'!$E$2:$AJ$100,MATCH('Daily Report'!N$1,'DCS Data'!$E$2:$AJ$2,0),0) -> 206.24666 | O70: =VLOOKUP($B70,'DCS Data'!$E$2:$AJ$100,MATCH('Daily Report'!O$1,'DCS Data'!$E$2:$AJ$2,0),0) -> 206.25896 | P70: =VLOOKUP($B70,'DCS Data'!$E$2:$AJ$100,MATCH('Daily Report'!P$1,'DCS Data'!$E$2:$AJ$2,0),0) -> 206.20519 | Q70: =VLOOKUP($B70,'DCS Data'!$E$2:$AJ$100,MATCH('Daily Report'!Q$1,'DCS Data'!$E$2:$AJ$2,0),0) -> 206.13218 | R70: =VLOOKUP($B70,'DCS Data'!$E$2:$AJ$100,MATCH('Daily Report'!R$1,'DCS Data'!$E$2:$AJ$2,0),0) -> 206.19822 | ... AN70: =VLOOKUP($B70,'DCS Data'!$E$2:$AJ$100,MATCH('Daily Report'!AN$1,'DCS Data'!$E$2:$AJ$2,0),0) -> 206.87648
A71: Methanator Inlet Temperature | B71: 60TR048.PV | C71: 60TR048-AI | D71: avg_methanator_inlet_temperature | E71: 0C | F71: 320 | G71: monthly_avg_methanator_inlet_temperature | H71: =AVERAGE(I71:AN71) -> 297.62203 | I71: =VLOOKUP($B71,'DCS Data'!$E$2:$AJ$100,MATCH('Daily Report'!I$1,'DCS Data'!$E$2:$AJ$2,0),0) -> 295.2471 | K71: =VLOOKUP($B71,'DCS Data'!$E$2:$AJ$100,MATCH('Daily Report'!K$1,'DCS Data'!$E$2:$AJ$2,0),0) -> 296.64649 | L71: =VLOOKUP($B71,'DCS Data'!$E$2:$AJ$100,MATCH('Daily Report'!L$1,'DCS Data'!$E$2:$AJ$2,0),0) -> 297.29405 | M71: =VLOOKUP($B71,'DCS Data'!$E$2:$AJ$100,MATCH('Daily Report'!M$1,'DCS Data'!$E$2:$AJ$2,0),0) -> 297.23335 | N71: =VLOOKUP($B71,'DCS Data'!$E$2:$AJ$100,MATCH('Daily Report'!N$1,'DCS Data'!$E$2:$AJ$2,0),0) -> 297.64578 | O71: =VLOOKUP($B71,'DCS Data'!$E$2:$AJ$100,MATCH('Daily Report'!O$1,'DCS Data'!$E$2:$AJ$2,0),0) -> 298.1039 | P71: =VLOOKUP($B71,'DCS Data'!$E$2:$AJ$100,MATCH('Daily Report'!P$1,'DCS Data'!$E$2:$AJ$2,0),0) -> 298.23732 | Q71: =VLOOKUP($B71,'DCS Data'!$E$2:$AJ$100,MATCH('Daily Report'!Q$1,'DCS Data'!$E$2:$AJ$2,0),0) -> 297.99809 | R71: =VLOOKUP($B71,'DCS Data'!$E$2:$AJ$100,MATCH('Daily Report'!R$1,'DCS Data'!$E$2:$AJ$2,0),0) -> 297.73685 | ... AN71: =VLOOKUP($B71,'DCS Data'!$E$2:$AJ$100,MATCH('Daily Report'!AN$1,'DCS Data'!$E$2:$AJ$2,0),0) -> 299.33238
A72: Methanator Outlet Temperature | B72: 60TI-261.PV | C72: 60TI-261 | D72: avg_methanator_outlet_temperature | E72: 0C | F72: 343 | G72: monthly_avg_methanator_outlet_temperature | H72: =AVERAGE(I72:AN72) -> 307.28495 | I72: =VLOOKUP($B72,'DCS Data'!$E$2:$AJ$100,MATCH('Daily Report'!I$1,'DCS Data'!$E$2:$AJ$2,0),0) -> 304.58877 | K72: =VLOOKUP($B72,'DCS Data'!$E$2:$AJ$100,MATCH('Daily Report'!K$1,'DCS Data'!$E$2:$AJ$2,0),0) -> 307.71964 | L72: =VLOOKUP($B72,'DCS Data'!$E$2:$AJ$100,MATCH('Daily Report'!L$1,'DCS Data'!$E$2:$AJ$2,0),0) -> 307.9921 | M72: =VLOOKUP($B72,'DCS Data'!$E$2:$AJ$100,MATCH('Daily Report'!M$1,'DCS Data'!$E$2:$AJ$2,0),0) -> 307.51256 | N72: =VLOOKUP($B72,'DCS Data'!$E$2:$AJ$100,MATCH('Daily Report'!N$1,'DCS Data'!$E$2:$AJ$2,0),0) -> 308.00678 | O72: =VLOOKUP($B72,'DCS Data'!$E$2:$AJ$100,MATCH('Daily Report'!O$1,'DCS Data'!$E$2:$AJ$2,0),0) -> 308.61908 | P72: =VLOOKUP($B72,'DCS Data'!$E$2:$AJ$100,MATCH('Daily Report'!P$1,'DCS Data'!$E$2:$AJ$2,0),0) -> 308.34735 | Q72: =VLOOKUP($B72,'DCS Data'!$E$2:$AJ$100,MATCH('Daily Report'!Q$1,'DCS Data'!$E$2:$AJ$2,0),0) -> 307.67891 | R72: =VLOOKUP($B72,'DCS Data'!$E$2:$AJ$100,MATCH('Daily Report'!R$1,'DCS Data'!$E$2:$AJ$2,0),0) -> 307.25189 | ... AN72: =VLOOKUP($B72,'DCS Data'!$E$2:$AJ$100,MATCH('Daily Report'!AN$1,'DCS Data'!$E$2:$AJ$2,0),0) -> 308.9564
A73: Tail gas temperature | B73: 61TIA045.PV | C73: 61TIA045 | D73: avg_tail_gas_temperature | E73: 0C | F73: 45 | G73: monthly_avg_tail_gas_temperature | H73: =AVERAGE(I73:AN73) -> 30.757097 | I73: =VLOOKUP($B73,'DCS Data'!$E$2:$AJ$100,MATCH('Daily Report'!I$1,'DCS Data'!$E$2:$AJ$2,0),0) -> 34.601791 | K73: =VLOOKUP($B73,'DCS Data'!$E$2:$AJ$100,MATCH('Daily Report'!K$1,'DCS Data'!$E$2:$AJ$2,0),0) -> 33.166353 | L73: =VLOOKUP($B73,'DCS Data'!$E$2:$AJ$100,MATCH('Daily Report'!L$1,'DCS Data'!$E$2:$AJ$2,0),0) -> 32.200875 | M73: =VLOOKUP($B73,'DCS Data'!$E$2:$AJ$100,MATCH('Daily Report'!M$1,'DCS Data'!$E$2:$AJ$2,0),0) -> 31.191071 | N73: =VLOOKUP($B73,'DCS Data'!$E$2:$AJ$100,MATCH('Daily Report'!N$1,'DCS Data'!$E$2:$AJ$2,0),0) -> 31.569695 | O73: =VLOOKUP($B73,'DCS Data'!$E$2:$AJ$100,MATCH('Daily Report'!O$1,'DCS Data'!$E$2:$AJ$2,0),0) -> 31.099281 | P73: =VLOOKUP($B73,'DCS Data'!$E$2:$AJ$100,MATCH('Daily Report'!P$1,'DCS Data'!$E$2:$AJ$2,0),0) -> 31.463176 | Q73: =VLOOKUP($B73,'DCS Data'!$E$2:$AJ$100,MATCH('Daily Report'!Q$1,'DCS Data'!$E$2:$AJ$2,0),0) -> 32.192818 | R73: =VLOOKUP($B73,'DCS Data'!$E$2:$AJ$100,MATCH('Daily Report'!R$1,'DCS Data'!$E$2:$AJ$2,0),0) -> 31.564681 | ... AN73: =VLOOKUP($B73,'DCS Data'!$E$2:$AJ$100,MATCH('Daily Report'!AN$1,'DCS Data'!$E$2:$AJ$2,0),0) -> 28.370491
A74: Tail gas pressure | B74: 61PICA065.PV | C74: 61PICA065-AI | D74: avg_tail_gas_pressure | E74: barg | F74: 45 | G74: monthly_avg_tail_gas_pressure | H74: =AVERAGE(I74:AN74) -> 7.3566243 | I74: =VLOOKUP($B74,'DCS Data'!$E$2:$AJ$100,MATCH('Daily Report'!I$1,'DCS Data'!$E$2:$AJ$2,0),0) -> 7.0383621 | K74: =VLOOKUP($B74,'DCS Data'!$E$2:$AJ$100,MATCH('Daily Report'!K$1,'DCS Data'!$E$2:$AJ$2,0),0) -> 7.0297895 | L74: =VLOOKUP($B74,'DCS Data'!$E$2:$AJ$100,MATCH('Daily Report'!L$1,'DCS Data'!$E$2:$AJ$2,0),0) -> 7.0323055 | M74: =VLOOKUP($B74,'DCS Data'!$E$2:$AJ$100,MATCH('Daily Report'!M$1,'DCS Data'!$E$2:$AJ$2,0),0) -> 7.037097 | N74: =VLOOKUP($B74,'DCS Data'!$E$2:$AJ$100,MATCH('Daily Report'!N$1,'DCS Data'!$E$2:$AJ$2,0),0) -> 7.0816527 | O74: =VLOOKUP($B74,'DCS Data'!$E$2:$AJ$100,MATCH('Daily Report'!O$1,'DCS Data'!$E$2:$AJ$2,0),0) -> 7.1054277 | P74: =VLOOKUP($B74,'DCS Data'!$E$2:$AJ$100,MATCH('Daily Report'!P$1,'DCS Data'!$E$2:$AJ$2,0),0) -> 7.1430206 | Q74: =VLOOKUP($B74,'DCS Data'!$E$2:$AJ$100,MATCH('Daily Report'!Q$1,'DCS Data'!$E$2:$AJ$2,0),0) -> 7.1941997 | R74: =VLOOKUP($B74,'DCS Data'!$E$2:$AJ$100,MATCH('Daily Report'!R$1,'DCS Data'!$E$2:$AJ$2,0),0) -> 7.2025158 | ... AN74: =VLOOKUP($B74,'DCS Data'!$E$2:$AJ$100,MATCH('Daily Report'!AN$1,'DCS Data'!$E$2:$AJ$2,0),0) -> 7.6156124
A75: Fresh gas temperature | B75: 170TIA440.PV | C75: 170TIA440 | D75: avg_fresh_gas_temperature | E75: 0C | F75: 60 | G75: monthly_avg_fresh_gas_temperature | H75: =AVERAGE(I75:AN75) -> 50.370705 | I75: =VLOOKUP($B75,'DCS Data'!$E$2:$AJ$100,MATCH('Daily Report'!I$1,'DCS Data'!$E$2:$AJ$2,0),0) -> 48.885304 | K75: =VLOOKUP($B75,'DCS Data'!$E$2:$AJ$100,MATCH('Daily Report'!K$1,'DCS Data'!$E$2:$AJ$2,0),0) -> 49.013428 | L75: =VLOOKUP($B75,'DCS Data'!$E$2:$AJ$100,MATCH('Daily Report'!L$1,'DCS Data'!$E$2:$AJ$2,0),0) -> 49.454034 | M75: =VLOOKUP($B75,'DCS Data'!$E$2:$AJ$100,MATCH('Daily Report'!M$1,'DCS Data'!$E$2:$AJ$2,0),0) -> 48.773899 | N75: =VLOOKUP($B75,'DCS Data'!$E$2:$AJ$100,MATCH('Daily Report'!N$1,'DCS Data'!$E$2:$AJ$2,0),0) -> 49.281867 | O75: =VLOOKUP($B75,'DCS Data'!$E$2:$AJ$100,MATCH('Daily Report'!O$1,'DCS Data'!$E$2:$AJ$2,0),0) -> 50.232324 | P75: =VLOOKUP($B75,'DCS Data'!$E$2:$AJ$100,MATCH('Daily Report'!P$1,'DCS Data'!$E$2:$AJ$2,0),0) -> 50.18824 | Q75: =VLOOKUP($B75,'DCS Data'!$E$2:$AJ$100,MATCH('Daily Report'!Q$1,'DCS Data'!$E$2:$AJ$2,0),0) -> 50.398128 | R75: =VLOOKUP($B75,'DCS Data'!$E$2:$AJ$100,MATCH('Daily Report'!R$1,'DCS Data'!$E$2:$AJ$2,0),0) -> 49.45229 | ... AN75: =VLOOKUP($B75,'DCS Data'!$E$2:$AJ$100,MATCH('Daily Report'!AN$1,'DCS Data'!$E$2:$AJ$2,0),0) -> 48.943625
A76: Fresh gas pressure | B76: 170PICA403.PV | C76: 170PICA403-AI | D76: avg_fresh_gas_pressure | E76: barg | F76: 14 | G76: monthly_avg_fresh_gas_pressure | H76: =AVERAGE(I76:AN76) -> 14.79569 | I76: =VLOOKUP($B76,'DCS Data'!$E$2:$AJ$100,MATCH('Daily Report'!I$1,'DCS Data'!$E$2:$AJ$2,0),0) -> 14.808551 | K76: =VLOOKUP($B76,'DCS Data'!$E$2:$AJ$100,MATCH('Daily Report'!K$1,'DCS Data'!$E$2:$AJ$2,0),0) -> 14.783095 | L76: =VLOOKUP($B76,'DCS Data'!$E$2:$AJ$100,MATCH('Daily Report'!L$1,'DCS Data'!$E$2:$AJ$2,0),0) -> 14.781759 | M76: =VLOOKUP($B76,'DCS Data'!$E$2:$AJ$100,MATCH('Daily Report'!M$1,'DCS Data'!$E$2:$AJ$2,0),0) -> 14.785734 | N76: =VLOOKUP($B76,'DCS Data'!$E$2:$AJ$100,MATCH('Daily Report'!N$1,'DCS Data'!$E$2:$AJ$2,0),0) -> 14.787166 | O76: =VLOOKUP($B76,'DCS Data'!$E$2:$AJ$100,MATCH('Daily Report'!O$1,'DCS Data'!$E$2:$AJ$2,0),0) -> 14.79102 | P76: =VLOOKUP($B76,'DCS Data'!$E$2:$AJ$100,MATCH('Daily Report'!P$1,'DCS Data'!$E$2:$AJ$2,0),0) -> 14.791634 | Q76: =VLOOKUP($B76,'DCS Data'!$E$2:$AJ$100,MATCH('Daily Report'!Q$1,'DCS Data'!$E$2:$AJ$2,0),0) -> 14.793964 | R76: =VLOOKUP($B76,'DCS Data'!$E$2:$AJ$100,MATCH('Daily Report'!R$1,'DCS Data'!$E$2:$AJ$2,0),0) -> 14.796492 | ... AN76: =VLOOKUP($B76,'DCS Data'!$E$2:$AJ$100,MATCH('Daily Report'!AN$1,'DCS Data'!$E$2:$AJ$2,0),0) -> 14.791721
A77: HHV calorific value of the MBU Residue Gas Stream | D77: calc_hhv_calorific_value_mbu_residue_gas_stream | E77: btu/nm3 | G77: monthly_calc_hhv_calorific_value_mbu_residue_gas_stream | H77: =AVERAGE(I77:AN77) -> 21450.21 | I77: =(Analysis!J91*0/100)+(Analysis!J94*35809.84/100)+(Analysis!J93*0/100)+(Analysis!J95*63159.33/100)+(Analysis!J96*90661.02/100)+(Analysis!J97*119622.3/100)+(Analysis!J98*151389.3/100)+(Analysis!J90*11470.75/100)+(11341.61*Analysis!J85/100)+(Analysis!J99*184326.3/100) -> 21450.21 | K77: =(Analysis!L91*0/100)+(Analysis!L94*35809.84/100)+(Analysis!L93*0/100)+(Analysis!L95*63159.33/100)+(Analysis!L96*90661.02/100)+(Analysis!L97*119622.3/100)+(Analysis!L98*151389.3/100)+(Analysis!L90*11470.75/100)+(11341.61*Analysis!L85/100)+(Analysis!L99*184326.3/100) -> 21450.21 | L77: =(Analysis!M91*0/100)+(Analysis!M94*35809.84/100)+(Analysis!M93*0/100)+(Analysis!M95*63159.33/100)+(Analysis!M96*90661.02/100)+(Analysis!M97*119622.3/100)+(Analysis!M98*151389.3/100)+(Analysis!M90*11470.75/100)+(11341.61*Analysis!M85/100)+(Analysis!M99*184326.3/100) -> 21450.21 | M77: =(Analysis!N91*0/100)+(Analysis!N94*35809.84/100)+(Analysis!N93*0/100)+(Analysis!N95*63159.33/100)+(Analysis!N96*90661.02/100)+(Analysis!N97*119622.3/100)+(Analysis!N98*151389.3/100)+(Analysis!N90*11470.75/100)+(11341.61*Analysis!N85/100)+(Analysis!N99*184326.3/100) -> 21450.21 | N77: =(Analysis!O91*0/100)+(Analysis!O94*35809.84/100)+(Analysis!O93*0/100)+(Analysis!O95*63159.33/100)+(Analysis!O96*90661.02/100)+(Analysis!O97*119622.3/100)+(Analysis!O98*151389.3/100)+(Analysis!O90*11470.75/100)+(11341.61*Analysis!O85/100)+(Analysis!O99*184326.3/100) -> 21450.21 | O77: =(Analysis!P91*0/100)+(Analysis!P94*35809.84/100)+(Analysis!P93*0/100)+(Analysis!P95*63159.33/100)+(Analysis!P96*90661.02/100)+(Analysis!P97*119622.3/100)+(Analysis!P98*151389.3/100)+(Analysis!P90*11470.75/100)+(11341.61*Analysis!P85/100)+(Analysis!P99*184326.3/100) -> 21450.21 | P77: =(Analysis!Q91*0/100)+(Analysis!Q94*35809.84/100)+(Analysis!Q93*0/100)+(Analysis!Q95*63159.33/100)+(Analysis!Q96*90661.02/100)+(Analysis!Q97*119622.3/100)+(Analysis!Q98*151389.3/100)+(Analysis!Q90*11470.75/100)+(11341.61*Analysis!Q85/100)+(Analysis!Q99*184326.3/100) -> 21450.21 | Q77: =(Analysis!R91*0/100)+(Analysis!R94*35809.84/100)+(Analysis!R93*0/100)+(Analysis!R95*63159.33/100)+(Analysis!R96*90661.02/100)+(Analysis!R97*119622.3/100)+(Analysis!R98*151389.3/100)+(Analysis!R90*11470.75/100)+(11341.61*Analysis!R85/100)+(Analysis!R99*184326.3/100) -> 21450.21 | R77: =(Analysis!S91*0/100)+(Analysis!S94*35809.84/100)+(Analysis!S93*0/100)+(Analysis!S95*63159.33/100)+(Analysis!S96*90661.02/100)+(Analysis!S97*119622.3/100)+(Analysis!S98*151389.3/100)+(Analysis!S90*11470.75/100)+(11341.61*Analysis!S85/100)+(Analysis!S99*184326.3/100) -> 21450.21 | ... AN77: =(Analysis!AO91*0/100)+(Analysis!AO94*35809.84/100)+(Analysis!AO93*0/100)+(Analysis!AO95*63159.33/100)+(Analysis!AO96*90661.02/100)+(Analysis!AO97*119622.3/100)+(Analysis!AO98*151389.3/100)+(Analysis!AO90*11470.75/100)+(11341.61*Analysis!AO85/100)+(Analysis!AO99*184326.3/100) -> 21450.21
A78: LHV | D78: calc_lhv | E78: btu/nm3 | G78: monthly_calc_lhv | H78: =AVERAGE(I78:AN78) -> 18886.208 | I78: =(Analysis!J91*0/100)+(Analysis!J94*32240.97/100)+(Analysis!J93*0/100)+(Analysis!J95*57767.83/100)+(Analysis!J96*83403.49/100)+(Analysis!J97*110399.5/100)+(Analysis!J98*139978/100)+(Analysis!J90*9689.76/100)+(11341.61*Analysis!J92/100) -> 18886.208 | K78: =(Analysis!L91*0/100)+(Analysis!L94*32240.97/100)+(Analysis!L93*0/100)+(Analysis!L95*57767.83/100)+(Analysis!L96*83403.49/100)+(Analysis!L97*110399.5/100)+(Analysis!L98*139978/100)+(Analysis!L90*9689.76/100)+(11341.61*Analysis!L92/100) -> 18886.208 | L78: =(Analysis!M91*0/100)+(Analysis!M94*32240.97/100)+(Analysis!M93*0/100)+(Analysis!M95*57767.83/100)+(Analysis!M96*83403.49/100)+(Analysis!M97*110399.5/100)+(Analysis!M98*139978/100)+(Analysis!M90*9689.76/100)+(11341.61*Analysis!M92/100) -> 18886.208 | M78: =(Analysis!N91*0/100)+(Analysis!N94*32240.97/100)+(Analysis!N93*0/100)+(Analysis!N95*57767.83/100)+(Analysis!N96*83403.49/100)+(Analysis!N97*110399.5/100)+(Analysis!N98*139978/100)+(Analysis!N90*9689.76/100)+(11341.61*Analysis!N92/100) -> 18886.208 | N78: =(Analysis!O91*0/100)+(Analysis!O94*32240.97/100)+(Analysis!O93*0/100)+(Analysis!O95*57767.83/100)+(Analysis!O96*83403.49/100)+(Analysis!O97*110399.5/100)+(Analysis!O98*139978/100)+(Analysis!O90*9689.76/100)+(11341.61*Analysis!O92/100) -> 18886.208 | O78: =(Analysis!P91*0/100)+(Analysis!P94*32240.97/100)+(Analysis!P93*0/100)+(Analysis!P95*57767.83/100)+(Analysis!P96*83403.49/100)+(Analysis!P97*110399.5/100)+(Analysis!P98*139978/100)+(Analysis!P90*9689.76/100)+(11341.61*Analysis!P92/100) -> 18886.208 | P78: =(Analysis!Q91*0/100)+(Analysis!Q94*32240.97/100)+(Analysis!Q93*0/100)+(Analysis!Q95*57767.83/100)+(Analysis!Q96*83403.49/100)+(Analysis!Q97*110399.5/100)+(Analysis!Q98*139978/100)+(Analysis!Q90*9689.76/100)+(11341.61*Analysis!Q92/100) -> 18886.208 | Q78: =(Analysis!R91*0/100)+(Analysis!R94*32240.97/100)+(Analysis!R93*0/100)+(Analysis!R95*57767.83/100)+(Analysis!R96*83403.49/100)+(Analysis!R97*110399.5/100)+(Analysis!R98*139978/100)+(Analysis!R90*9689.76/100)+(11341.61*Analysis!R92/100) -> 18886.208 | R78: =(Analysis!S91*0/100)+(Analysis!S94*32240.97/100)+(Analysis!S93*0/100)+(Analysis!S95*57767.83/100)+(Analysis!S96*83403.49/100)+(Analysis!S97*110399.5/100)+(Analysis!S98*139978/100)+(Analysis!S90*9689.76/100)+(11341.61*Analysis!S92/100) -> 18886.208 | ... AN78: =(Analysis!AO91*0/100)+(Analysis!AO94*32240.97/100)+(Analysis!AO93*0/100)+(Analysis!AO95*57767.83/100)+(Analysis!AO96*83403.49/100)+(Analysis!AO97*110399.5/100)+(Analysis!AO98*139978/100)+(Analysis!AO90*9689.76/100)+(11341.61*Analysis!AO92/100) -> 18886.208
A79: SELECTED HHV | D79: calc_hhv_calorific_value_mbu_residue_gas_stream | E79: btu/nm3 | G79: monthly_calc_hhv_calorific_value_mbu_residue_gas_stream | H79: =AVERAGE(I79:AN79) -> 21450.21 | I79: =I77 -> 21450.21 | K79: =K77 -> 21450.21 | L79: =L77 -> 21450.21 | M79: =M77 -> 21450.21 | N79: =N77 -> 21450.21 | O79: =O77 -> 21450.21 | P79: =P77 -> 21450.21 | Q79: =Q77 -> 21450.21 | R79: =R77 -> 21450.21 | ... AN79: =AN77 -> 21450.21
A80: Residue gas temperature | B80: 170TIA431.PV | C80: 170TIA431 | D80: avg_residue_gas_temperature | E80: 0C | F80: 90 | G80: monthly_avg_residue_gas_temperature | H80: =AVERAGE(I80:AN80) -> 93.547869 | I80: =VLOOKUP($B80,'DCS Data'!$E$2:$AJ$100,MATCH('Daily Report'!I$1,'DCS Data'!$E$2:$AJ$2,0),0) -> 95.089753 | K80: =VLOOKUP($B80,'DCS Data'!$E$2:$AJ$100,MATCH('Daily Report'!K$1,'DCS Data'!$E$2:$AJ$2,0),0) -> 92.951817 | L80: =VLOOKUP($B80,'DCS Data'!$E$2:$AJ$100,MATCH('Daily Report'!L$1,'DCS Data'!$E$2:$AJ$2,0),0) -> 92.055856 | M80: =VLOOKUP($B80,'DCS Data'!$E$2:$AJ$100,MATCH('Daily Report'!M$1,'DCS Data'!$E$2:$AJ$2,0),0) -> 92.222675 | N80: =VLOOKUP($B80,'DCS Data'!$E$2:$AJ$100,MATCH('Daily Report'!N$1,'DCS Data'!$E$2:$AJ$2,0),0) -> 92.661843 | O80: =VLOOKUP($B80,'DCS Data'!$E$2:$AJ$100,MATCH('Daily Report'!O$1,'DCS Data'!$E$2:$AJ$2,0),0) -> 93.5242 | P80: =VLOOKUP($B80,'DCS Data'!$E$2:$AJ$100,MATCH('Daily Report'!P$1,'DCS Data'!$E$2:$AJ$2,0),0) -> 93.483429 | Q80: =VLOOKUP($B80,'DCS Data'!$E$2:$AJ$100,MATCH('Daily Report'!Q$1,'DCS Data'!$E$2:$AJ$2,0),0) -> 93.814485 | R80: =VLOOKUP($B80,'DCS Data'!$E$2:$AJ$100,MATCH('Daily Report'!R$1,'DCS Data'!$E$2:$AJ$2,0),0) -> 94.025578 | ... AN80: =VLOOKUP($B80,'DCS Data'!$E$2:$AJ$100,MATCH('Daily Report'!AN$1,'DCS Data'!$E$2:$AJ$2,0),0) -> 94.228295
A81: Residue gas pressure | B81: 170PIC329.PV | C81: 170PIC329 | D81: avg_residue_gas_pressure | E81: barg | F81: 36.1 | G81: monthly_avg_residue_gas_pressure | H81: =AVERAGE(I81:AN81) -> 33.355708 | I81: =VLOOKUP($B81,'DCS Data'!$E$2:$AJ$100,MATCH('Daily Report'!I$1,'DCS Data'!$E$2:$AJ$2,0),0) -> 33.3233 | K81: =VLOOKUP($B81,'DCS Data'!$E$2:$AJ$100,MATCH('Daily Report'!K$1,'DCS Data'!$E$2:$AJ$2,0),0) -> 33.005269 | L81: =VLOOKUP($B81,'DCS Data'!$E$2:$AJ$100,MATCH('Daily Report'!L$1,'DCS Data'!$E$2:$AJ$2,0),0) -> 32.223687 | M81: =VLOOKUP($B81,'DCS Data'!$E$2:$AJ$100,MATCH('Daily Report'!M$1,'DCS Data'!$E$2:$AJ$2,0),0) -> 31.803534 | N81: =VLOOKUP($B81,'DCS Data'!$E$2:$AJ$100,MATCH('Daily Report'!N$1,'DCS Data'!$E$2:$AJ$2,0),0) -> 32.590695 | O81: =VLOOKUP($B81,'DCS Data'!$E$2:$AJ$100,MATCH('Daily Report'!O$1,'DCS Data'!$E$2:$AJ$2,0),0) -> 32.997479 | P81: =VLOOKUP($B81,'DCS Data'!$E$2:$AJ$100,MATCH('Daily Report'!P$1,'DCS Data'!$E$2:$AJ$2,0),0) -> 32.844065 | Q81: =VLOOKUP($B81,'DCS Data'!$E$2:$AJ$100,MATCH('Daily Report'!Q$1,'DCS Data'!$E$2:$AJ$2,0),0) -> 32.80041 | R81: =VLOOKUP($B81,'DCS Data'!$E$2:$AJ$100,MATCH('Daily Report'!R$1,'DCS Data'!$E$2:$AJ$2,0),0) -> 32.79938 | ... AN81: =VLOOKUP($B81,'DCS Data'!$E$2:$AJ$100,MATCH('Daily Report'!AN$1,'DCS Data'!$E$2:$AJ$2,0),0) -> 34.456934
A82: CO2 FLOW TO COMP K-6006 | B82: 60FI422.PV | C82: 60FQI422 | D82: 60FQI422 | E82: T/Day | F82: 1400 | G82: monthly_60FQI422 | H82: =SUM(I82:AN82) -> 30734 | I82: =VLOOKUP($B82,'DCS Data'!$E$2:$AJ$100,MATCH('Daily Report'!I$1,'DCS Data'!$E$2:$AJ$2,0),0) -> 845.24261 | K82: =VLOOKUP($B82,'DCS Data'!$E$2:$AJ$100,MATCH('Daily Report'!K$1,'DCS Data'!$E$2:$AJ$2,0),0) -> 999.00877 | L82: =VLOOKUP($B82,'DCS Data'!$E$2:$AJ$100,MATCH('Daily Report'!L$1,'DCS Data'!$E$2:$AJ$2,0),0) -> 1022.5361 | M82: =VLOOKUP($B82,'DCS Data'!$E$2:$AJ$100,MATCH('Daily Report'!M$1,'DCS Data'!$E$2:$AJ$2,0),0) -> 1066.0683 | N82: =VLOOKUP($B82,'DCS Data'!$E$2:$AJ$100,MATCH('Daily Report'!N$1,'DCS Data'!$E$2:$AJ$2,0),0) -> 1072.7745 | O82: =VLOOKUP($B82,'DCS Data'!$E$2:$AJ$100,MATCH('Daily Report'!O$1,'DCS Data'!$E$2:$AJ$2,0),0) -> 1057.1089 | P82: =VLOOKUP($B82,'DCS Data'!$E$2:$AJ$100,MATCH('Daily Report'!P$1,'DCS Data'!$E$2:$AJ$2,0),0) -> 1067.3641 | Q82: =VLOOKUP($B82,'DCS Data'!$E$2:$AJ$100,MATCH('Daily Report'!Q$1,'DCS Data'!$E$2:$AJ$2,0),0) -> 1052.567 | R82: =VLOOKUP($B82,'DCS Data'!$E$2:$AJ$100,MATCH('Daily Report'!R$1,'DCS Data'!$E$2:$AJ$2,0),0) -> 1028.1599 | ... AN82: =VLOOKUP($B82,'DCS Data'!$E$2:$AJ$100,MATCH('Daily Report'!AN$1,'DCS Data'!$E$2:$AJ$2,0),0) -> 966.2301
A83: CO2 Export | B83: 60FIA448.PV | C83: 60FQQI448 | D83: 60FQQI448 | E83: T/Day | F83: 1400 | G83: monthly_60FQQI448 | H83: =SUM(I83:AN83) -> 20841.043 | I83: =VLOOKUP($B83,'DCS Data'!$E$2:$AJ$100,MATCH('Daily Report'!I$1,'DCS Data'!$E$2:$AJ$2,0),0) -> 356.5864 | K83: =VLOOKUP($B83,'DCS Data'!$E$2:$AJ$100,MATCH('Daily Report'!K$1,'DCS Data'!$E$2:$AJ$2,0),0) -> 378.83144 | L83: =VLOOKUP($B83,'DCS Data'!$E$2:$AJ$100,MATCH('Daily Report'!L$1,'DCS Data'!$E$2:$AJ$2,0),0) -> 379.54205 | M83: =VLOOKUP($B83,'DCS Data'!$E$2:$AJ$100,MATCH('Daily Report'!M$1,'DCS Data'!$E$2:$AJ$2,0),0) -> 379.5916 | N83: =VLOOKUP($B83,'DCS Data'!$E$2:$AJ$100,MATCH('Daily Report'!N$1,'DCS Data'!$E$2:$AJ$2,0),0) -> 379.71644 | O83: =VLOOKUP($B83,'DCS Data'!$E$2:$AJ$100,MATCH('Daily Report'!O$1,'DCS Data'!$E$2:$AJ$2,0),0) -> 379.82533 | P83: =VLOOKUP($B83,'DCS Data'!$E$2:$AJ$100,MATCH('Daily Report'!P$1,'DCS Data'!$E$2:$AJ$2,0),0) -> 380.37207 | Q83: =VLOOKUP($B83,'DCS Data'!$E$2:$AJ$100,MATCH('Daily Report'!Q$1,'DCS Data'!$E$2:$AJ$2,0),0) -> 381.03103 | R83: =VLOOKUP($B83,'DCS Data'!$E$2:$AJ$100,MATCH('Daily Report'!R$1,'DCS Data'!$E$2:$AJ$2,0),0) -> 380.68268 | ... AN83: =VLOOKUP($B83,'DCS Data'!$E$2:$AJ$100,MATCH('Daily Report'!AN$1,'DCS Data'!$E$2:$AJ$2,0),0) -> 846.07285
A84: CO2 Export | B84: 60FIA451.PV | C84: 60FQQI451 | D84: 60FQQI451 | E84: T/Day | F84: 1400 | G84: monthly_60FQQI451 | H84: =SUM(I84:AN84) -> 20837.539 | I84: =VLOOKUP($B84,'DCS Data'!$E$2:$AJ$100,MATCH('Daily Report'!I$1,'DCS Data'!$E$2:$AJ$2,0),0) -> 357.32273 | K84: =VLOOKUP($B84,'DCS Data'!$E$2:$AJ$100,MATCH('Daily Report'!K$1,'DCS Data'!$E$2:$AJ$2,0),0) -> 379.10832 | L84: =VLOOKUP($B84,'DCS Data'!$E$2:$AJ$100,MATCH('Daily Report'!L$1,'DCS Data'!$E$2:$AJ$2,0),0) -> 379.73614 | M84: =VLOOKUP($B84,'DCS Data'!$E$2:$AJ$100,MATCH('Daily Report'!M$1,'DCS Data'!$E$2:$AJ$2,0),0) -> 379.79351 | N84: =VLOOKUP($B84,'DCS Data'!$E$2:$AJ$100,MATCH('Daily Report'!N$1,'DCS Data'!$E$2:$AJ$2,0),0) -> 379.96114 | O84: =VLOOKUP($B84,'DCS Data'!$E$2:$AJ$100,MATCH('Daily Report'!O$1,'DCS Data'!$E$2:$AJ$2,0),0) -> 380.01622 | P84: =VLOOKUP($B84,'DCS Data'!$E$2:$AJ$100,MATCH('Daily Report'!P$1,'DCS Data'!$E$2:$AJ$2,0),0) -> 380.60848 | Q84: =VLOOKUP($B84,'DCS Data'!$E$2:$AJ$100,MATCH('Daily Report'!Q$1,'DCS Data'!$E$2:$AJ$2,0),0) -> 381.3641 | R84: =VLOOKUP($B84,'DCS Data'!$E$2:$AJ$100,MATCH('Daily Report'!R$1,'DCS Data'!$E$2:$AJ$2,0),0) -> 381.04862 | ... AN84: =VLOOKUP($B84,'DCS Data'!$E$2:$AJ$100,MATCH('Daily Report'!AN$1,'DCS Data'!$E$2:$AJ$2,0),0) -> 845.71117
A85: Outlet Pressure | B85: 60PIC479.PV | C85: 60PIC479-AI | D85: avg_outlet_pressure | E85: Barg | G85: monthly_avg_outlet_pressure | H85: =AVERAGE(I85:AN85) -> 34.296949 | I85: =VLOOKUP($B85,'DCS Data'!$E$2:$AJ$100,MATCH('Daily Report'!I$1,'DCS Data'!$E$2:$AJ$2,0),0) -> 34.616573 | K85: =VLOOKUP($B85,'DCS Data'!$E$2:$AJ$100,MATCH('Daily Report'!K$1,'DCS Data'!$E$2:$AJ$2,0),0) -> 34.262489 | L85: =VLOOKUP($B85,'DCS Data'!$E$2:$AJ$100,MATCH('Daily Report'!L$1,'DCS Data'!$E$2:$AJ$2,0),0) -> 34.250181 | M85: =VLOOKUP($B85,'DCS Data'!$E$2:$AJ$100,MATCH('Daily Report'!M$1,'DCS Data'!$E$2:$AJ$2,0),0) -> 34.203417 | N85: =VLOOKUP($B85,'DCS Data'!$E$2:$AJ$100,MATCH('Daily Report'!N$1,'DCS Data'!$E$2:$AJ$2,0),0) -> 34.200162 | O85: =VLOOKUP($B85,'DCS Data'!$E$2:$AJ$100,MATCH('Daily Report'!O$1,'DCS Data'!$E$2:$AJ$2,0),0) -> 34.201061 | P85: =VLOOKUP($B85,'DCS Data'!$E$2:$AJ$100,MATCH('Daily Report'!P$1,'DCS Data'!$E$2:$AJ$2,0),0) -> 34.199541 | Q85: =VLOOKUP($B85,'DCS Data'!$E$2:$AJ$100,MATCH('Daily Report'!Q$1,'DCS Data'!$E$2:$AJ$2,0),0) -> 34.224757 | R85: =VLOOKUP($B85,'DCS Data'!$E$2:$AJ$100,MATCH('Daily Report'!R$1,'DCS Data'!$E$2:$AJ$2,0),0) -> 34.241637 | ... AN85: =VLOOKUP($B85,'DCS Data'!$E$2:$AJ$100,MATCH('Daily Report'!AN$1,'DCS Data'!$E$2:$AJ$2,0),0) -> 34.32041
A86: HP steam export(NOS) | B86: 60FR020.PV | C86: 60FQI020 | D86: 60FQI020 | E86: T/Day | F86: 725.5 | G86: monthly_60FQI020 | H86: =SUM(I86:AN86) -> 16833.493 | I86: =VLOOKUP($B86,'DCS Data'!$E$2:$AJ$100,MATCH('Daily Report'!I$1,'DCS Data'!$E$2:$AJ$2,0),0) -> 406.52981 | K86: =VLOOKUP($B86,'DCS Data'!$E$2:$AJ$100,MATCH('Daily Report'!K$1,'DCS Data'!$E$2:$AJ$2,0),0) -> 472.59984 | L86: =VLOOKUP($B86,'DCS Data'!$E$2:$AJ$100,MATCH('Daily Report'!L$1,'DCS Data'!$E$2:$AJ$2,0),0) -> 480.93525 | M86: =VLOOKUP($B86,'DCS Data'!$E$2:$AJ$100,MATCH('Daily Report'!M$1,'DCS Data'!$E$2:$AJ$2,0),0) -> 476.09772 | N86: =VLOOKUP($B86,'DCS Data'!$E$2:$AJ$100,MATCH('Daily Report'!N$1,'DCS Data'!$E$2:$AJ$2,0),0) -> 496.58191 | O86: =VLOOKUP($B86,'DCS Data'!$E$2:$AJ$100,MATCH('Daily Report'!O$1,'DCS Data'!$E$2:$AJ$2,0),0) -> 555.58056 | P86: =VLOOKUP($B86,'DCS Data'!$E$2:$AJ$100,MATCH('Daily Report'!P$1,'DCS Data'!$E$2:$AJ$2,0),0) -> 549.59887 | Q86: =VLOOKUP($B86,'DCS Data'!$E$2:$AJ$100,MATCH('Daily Report'!Q$1,'DCS Data'!$E$2:$AJ$2,0),0) -> 531.78012 | R86: =VLOOKUP($B86,'DCS Data'!$E$2:$AJ$100,MATCH('Daily Report'!R$1,'DCS Data'!$E$2:$AJ$2,0),0) -> 539.15317 | ... AN86: =VLOOKUP($B86,'DCS Data'!$E$2:$AJ$100,MATCH('Daily Report'!AN$1,'DCS Data'!$E$2:$AJ$2,0),0) -> 574.6772
B87: 60PR024.PV | C87: 60PR024-AI | D87: avg_60PR024_AI | E87: Bar g | F87: 40 | G87: monthly_60PR024-AI | H87: =AVERAGE(I87:AN87) -> 46.000324 | I87: =VLOOKUP($B87,'DCS Data'!$E$2:$AJ$100,MATCH('Daily Report'!I$1,'DCS Data'!$E$2:$AJ$2,0),0) -> 46.007677 | K87: =VLOOKUP($B87,'DCS Data'!$E$2:$AJ$100,MATCH('Daily Report'!K$1,'DCS Data'!$E$2:$AJ$2,0),0) -> 46.000434 | L87: =VLOOKUP($B87,'DCS Data'!$E$2:$AJ$100,MATCH('Daily Report'!L$1,'DCS Data'!$E$2:$AJ$2,0),0) -> 45.999972 | M87: =VLOOKUP($B87,'DCS Data'!$E$2:$AJ$100,MATCH('Daily Report'!M$1,'DCS Data'!$E$2:$AJ$2,0),0) -> 45.999694 | N87: =VLOOKUP($B87,'DCS Data'!$E$2:$AJ$100,MATCH('Daily Report'!N$1,'DCS Data'!$E$2:$AJ$2,0),0) -> 46.002826 | O87: =VLOOKUP($B87,'DCS Data'!$E$2:$AJ$100,MATCH('Daily Report'!O$1,'DCS Data'!$E$2:$AJ$2,0),0) -> 45.999969 | P87: =VLOOKUP($B87,'DCS Data'!$E$2:$AJ$100,MATCH('Daily Report'!P$1,'DCS Data'!$E$2:$AJ$2,0),0) -> 45.999859 | Q87: =VLOOKUP($B87,'DCS Data'!$E$2:$AJ$100,MATCH('Daily Report'!Q$1,'DCS Data'!$E$2:$AJ$2,0),0) -> 45.998673 | R87: =VLOOKUP($B87,'DCS Data'!$E$2:$AJ$100,MATCH('Daily Report'!R$1,'DCS Data'!$E$2:$AJ$2,0),0) -> 46.000852 | ... AN87: =VLOOKUP($B87,'DCS Data'!$E$2:$AJ$100,MATCH('Daily Report'!AN$1,'DCS Data'!$E$2:$AJ$2,0),0) -> 45.999881
B88: 60TR025.PV | C88: 60TR025-AI | D88: avg_60TR025_AI | E88: 0C | F88: 460 | G88: monthly_60TR025-AI | H88: =AVERAGE(I88:AN88) -> 482.27476 | I88: =VLOOKUP($B88,'DCS Data'!$E$2:$AJ$100,MATCH('Daily Report'!I$1,'DCS Data'!$E$2:$AJ$2,0),0) -> 465.50743 | K88: =VLOOKUP($B88,'DCS Data'!$E$2:$AJ$100,MATCH('Daily Report'!K$1,'DCS Data'!$E$2:$AJ$2,0),0) -> 467.62356 | L88: =VLOOKUP($B88,'DCS Data'!$E$2:$AJ$100,MATCH('Daily Report'!L$1,'DCS Data'!$E$2:$AJ$2,0),0) -> 468.05502 | M88: =VLOOKUP($B88,'DCS Data'!$E$2:$AJ$100,MATCH('Daily Report'!M$1,'DCS Data'!$E$2:$AJ$2,0),0) -> 468.60999 | N88: =VLOOKUP($B88,'DCS Data'!$E$2:$AJ$100,MATCH('Daily Report'!N$1,'DCS Data'!$E$2:$AJ$2,0),0) -> 475.91079 | O88: =VLOOKUP($B88,'DCS Data'!$E$2:$AJ$100,MATCH('Daily Report'!O$1,'DCS Data'!$E$2:$AJ$2,0),0) -> 485.04945 | P88: =VLOOKUP($B88,'DCS Data'!$E$2:$AJ$100,MATCH('Daily Report'!P$1,'DCS Data'!$E$2:$AJ$2,0),0) -> 484.95992 | Q88: =VLOOKUP($B88,'DCS Data'!$E$2:$AJ$100,MATCH('Daily Report'!Q$1,'DCS Data'!$E$2:$AJ$2,0),0) -> 484.30948 | R88: =VLOOKUP($B88,'DCS Data'!$E$2:$AJ$100,MATCH('Daily Report'!R$1,'DCS Data'!$E$2:$AJ$2,0),0) -> 486.2649 | ... AN88: =VLOOKUP($B88,'DCS Data'!$E$2:$AJ$100,MATCH('Daily Report'!AN$1,'DCS Data'!$E$2:$AJ$2,0),0) -> 484.05495
A89: HP steam to SMR | B89: 60FR011.PV | C89: 60FQI011 | D89: 60FQI011 | E89: T/Day | F89: 3736 | G89: monthly_60FQI011 | H89: =SUM(I89:AN89) -> 100755.21 | I89: =VLOOKUP($B89,'DCS Data'!$E$2:$AJ$100,MATCH('Daily Report'!I$1,'DCS Data'!$E$2:$AJ$2,0),0) -> 3089.7898 | K89: =VLOOKUP($B89,'DCS Data'!$E$2:$AJ$100,MATCH('Daily Report'!K$1,'DCS Data'!$E$2:$AJ$2,0),0) -> 3317.6694 | L89: =VLOOKUP($B89,'DCS Data'!$E$2:$AJ$100,MATCH('Daily Report'!L$1,'DCS Data'!$E$2:$AJ$2,0),0) -> 3329.2468 | M89: =VLOOKUP($B89,'DCS Data'!$E$2:$AJ$100,MATCH('Daily Report'!M$1,'DCS Data'!$E$2:$AJ$2,0),0) -> 3323.372 | N89: =VLOOKUP($B89,'DCS Data'!$E$2:$AJ$100,MATCH('Daily Report'!N$1,'DCS Data'!$E$2:$AJ$2,0),0) -> 3330.2706 | O89: =VLOOKUP($B89,'DCS Data'!$E$2:$AJ$100,MATCH('Daily Report'!O$1,'DCS Data'!$E$2:$AJ$2,0),0) -> 3348.9433 | P89: =VLOOKUP($B89,'DCS Data'!$E$2:$AJ$100,MATCH('Daily Report'!P$1,'DCS Data'!$E$2:$AJ$2,0),0) -> 3346.9469 | Q89: =VLOOKUP($B89,'DCS Data'!$E$2:$AJ$100,MATCH('Daily Report'!Q$1,'DCS Data'!$E$2:$AJ$2,0),0) -> 3346.0756 | R89: =VLOOKUP($B89,'DCS Data'!$E$2:$AJ$100,MATCH('Daily Report'!R$1,'DCS Data'!$E$2:$AJ$2,0),0) -> 3291.5067 | ... AN89: =VLOOKUP($B89,'DCS Data'!$E$2:$AJ$100,MATCH('Daily Report'!AN$1,'DCS Data'!$E$2:$AJ$2,0),0) -> 3286.2136
A90: Saturated HP steam from drum | B90: 60FR022.PV | C90: 60FQI022 | D90: 60FQI022 | E90: T/Day | F90: 4289 | G90: monthly_60FQI022 | H90: =SUM(I90:AN90) -> 115566.96 | I90: =VLOOKUP($B90,'DCS Data'!$E$2:$AJ$100,MATCH('Daily Report'!I$1,'DCS Data'!$E$2:$AJ$2,0),0) -> 3518.4908 | K90: =VLOOKUP($B90,'DCS Data'!$E$2:$AJ$100,MATCH('Daily Report'!K$1,'DCS Data'!$E$2:$AJ$2,0),0) -> 3779.5813 | L90: =VLOOKUP($B90,'DCS Data'!$E$2:$AJ$100,MATCH('Daily Report'!L$1,'DCS Data'!$E$2:$AJ$2,0),0) -> 3801.014 | M90: =VLOOKUP($B90,'DCS Data'!$E$2:$AJ$100,MATCH('Daily Report'!M$1,'DCS Data'!$E$2:$AJ$2,0),0) -> 3789.5753 | N90: =VLOOKUP($B90,'DCS Data'!$E$2:$AJ$100,MATCH('Daily Report'!N$1,'DCS Data'!$E$2:$AJ$2,0),0) -> 3799.1281 | O90: =VLOOKUP($B90,'DCS Data'!$E$2:$AJ$100,MATCH('Daily Report'!O$1,'DCS Data'!$E$2:$AJ$2,0),0) -> 3838.8251 | P90: =VLOOKUP($B90,'DCS Data'!$E$2:$AJ$100,MATCH('Daily Report'!P$1,'DCS Data'!$E$2:$AJ$2,0),0) -> 3832.981 | Q90: =VLOOKUP($B90,'DCS Data'!$E$2:$AJ$100,MATCH('Daily Report'!Q$1,'DCS Data'!$E$2:$AJ$2,0),0) -> 3814.9449 | R90: =VLOOKUP($B90,'DCS Data'!$E$2:$AJ$100,MATCH('Daily Report'!R$1,'DCS Data'!$E$2:$AJ$2,0),0) -> 3765.555 | ... AN90: =VLOOKUP($B90,'DCS Data'!$E$2:$AJ$100,MATCH('Daily Report'!AN$1,'DCS Data'!$E$2:$AJ$2,0),0) -> 3780.969
A91: HP Steam - imports to Plant VLV OP% | B91: 60H-046.MV | C91: 60H-046.MV | D91: avg_hp_steam_imports_to_plant_vlv_op | E91: % | F91: 0 | G91: monthly_avg_hp_steam_imports_to_plant_vlv_op | H91: =AVERAGE(I91:AN91) -> 0 | I91: =VLOOKUP($B91,'DCS Data'!$E$2:$AJ$100,MATCH('Daily Report'!I$1,'DCS Data'!$E$2:$AJ$2,0),0) -> 0 | K91: =VLOOKUP($B91,'DCS Data'!$E$2:$AJ$100,MATCH('Daily Report'!K$1,'DCS Data'!$E$2:$AJ$2,0),0) -> 0 | L91: =VLOOKUP($B91,'DCS Data'!$E$2:$AJ$100,MATCH('Daily Report'!L$1,'DCS Data'!$E$2:$AJ$2,0),0) -> 0 | M91: =VLOOKUP($B91,'DCS Data'!$E$2:$AJ$100,MATCH('Daily Report'!M$1,'DCS Data'!$E$2:$AJ$2,0),0) -> 0 | N91: =VLOOKUP($B91,'DCS Data'!$E$2:$AJ$100,MATCH('Daily Report'!N$1,'DCS Data'!$E$2:$AJ$2,0),0) -> 0 | O91: =VLOOKUP($B91,'DCS Data'!$E$2:$AJ$100,MATCH('Daily Report'!O$1,'DCS Data'!$E$2:$AJ$2,0),0) -> 0 | P91: =VLOOKUP($B91,'DCS Data'!$E$2:$AJ$100,MATCH('Daily Report'!P$1,'DCS Data'!$E$2:$AJ$2,0),0) -> 0 | Q91: =VLOOKUP($B91,'DCS Data'!$E$2:$AJ$100,MATCH('Daily Report'!Q$1,'DCS Data'!$E$2:$AJ$2,0),0) -> 0 | R91: =VLOOKUP($B91,'DCS Data'!$E$2:$AJ$100,MATCH('Daily Report'!R$1,'DCS Data'!$E$2:$AJ$2,0),0) -> 0 | ... AN91: =VLOOKUP($B91,'DCS Data'!$E$2:$AJ$100,MATCH('Daily Report'!AN$1,'DCS Data'!$E$2:$AJ$2,0),0) -> 0
A92: Steam to BLK 2B | B92: 900FRS005.PV | C92: 900FRS005.PV | D92: avg_steam_to_blk_2b | E92: % | F92: 1 | G92: monthly_avg_steam_to_blk_2b | H92: =AVERAGE(I92:AN92) -> #N/A | I92: =VLOOKUP($B92,'DCS Data'!$E$2:$AJ$100,MATCH('Daily Report'!I$1,'DCS Data'!$E$2:$AJ$2,0),0) -> #N/A | K92: =VLOOKUP($B92,'DCS Data'!$E$2:$AJ$100,MATCH('Daily Report'!K$1,'DCS Data'!$E$2:$AJ$2,0),0) -> #N/A | L92: =VLOOKUP($B92,'DCS Data'!$E$2:$AJ$100,MATCH('Daily Report'!L$1,'DCS Data'!$E$2:$AJ$2,0),0) -> #N/A | M92: =VLOOKUP($B92,'DCS Data'!$E$2:$AJ$100,MATCH('Daily Report'!M$1,'DCS Data'!$E$2:$AJ$2,0),0) -> #N/A | N92: =VLOOKUP($B92,'DCS Data'!$E$2:$AJ$100,MATCH('Daily Report'!N$1,'DCS Data'!$E$2:$AJ$2,0),0) -> #N/A | O92: =VLOOKUP($B92,'DCS Data'!$E$2:$AJ$100,MATCH('Daily Report'!O$1,'DCS Data'!$E$2:$AJ$2,0),0) -> #N/A | P92: =VLOOKUP($B92,'DCS Data'!$E$2:$AJ$100,MATCH('Daily Report'!P$1,'DCS Data'!$E$2:$AJ$2,0),0) -> #N/A | Q92: =VLOOKUP($B92,'DCS Data'!$E$2:$AJ$100,MATCH('Daily Report'!Q$1,'DCS Data'!$E$2:$AJ$2,0),0) -> #N/A | R92: =VLOOKUP($B92,'DCS Data'!$E$2:$AJ$100,MATCH('Daily Report'!R$1,'DCS Data'!$E$2:$AJ$2,0),0) -> #N/A | ... AN92: =VLOOKUP($B92,'DCS Data'!$E$2:$AJ$100,MATCH('Daily Report'!AN$1,'DCS Data'!$E$2:$AJ$2,0),0) -> #N/A
A93: HP Steam - Inflow to Plant | E93: T/Day | G93: monthly_
A94: LPS to Condensate stripper | B94: 60FR075.PV | C94: 60FQI075 | D94: 60FQI075 | E94: T/Day | F94: 301.1 | G94: monthly_60FQI075 | H94: =SUM(I94:AN94) -> 9384.9985 | I94: =VLOOKUP($B94,'DCS Data'!$E$2:$AJ$100,MATCH('Daily Report'!I$1,'DCS Data'!$E$2:$AJ$2,0),0) -> 324.16677 | K94: =VLOOKUP($B94,'DCS Data'!$E$2:$AJ$100,MATCH('Daily Report'!K$1,'DCS Data'!$E$2:$AJ$2,0),0) -> 332.8945 | L94: =VLOOKUP($B94,'DCS Data'!$E$2:$AJ$100,MATCH('Daily Report'!L$1,'DCS Data'!$E$2:$AJ$2,0),0) -> 332.44719 | M94: =VLOOKUP($B94,'DCS Data'!$E$2:$AJ$100,MATCH('Daily Report'!M$1,'DCS Data'!$E$2:$AJ$2,0),0) -> 330.84168 | N94: =VLOOKUP($B94,'DCS Data'!$E$2:$AJ$100,MATCH('Daily Report'!N$1,'DCS Data'!$E$2:$AJ$2,0),0) -> 298.80792 | O94: =VLOOKUP($B94,'DCS Data'!$E$2:$AJ$100,MATCH('Daily Report'!O$1,'DCS Data'!$E$2:$AJ$2,0),0) -> 298.77605 | P94: =VLOOKUP($B94,'DCS Data'!$E$2:$AJ$100,MATCH('Daily Report'!P$1,'DCS Data'!$E$2:$AJ$2,0),0) -> 298.82042 | Q94: =VLOOKUP($B94,'DCS Data'!$E$2:$AJ$100,MATCH('Daily Report'!Q$1,'DCS Data'!$E$2:$AJ$2,0),0) -> 298.74244 | R94: =VLOOKUP($B94,'DCS Data'!$E$2:$AJ$100,MATCH('Daily Report'!R$1,'DCS Data'!$E$2:$AJ$2,0),0) -> 298.66711 | ... AN94: =VLOOKUP($B94,'DCS Data'!$E$2:$AJ$100,MATCH('Daily Report'!AN$1,'DCS Data'!$E$2:$AJ$2,0),0) -> 298.84748
A95: LPS to fuel gas heater | B95: 60FR051.PV | C95: 60FQI051 | D95: 60FQI051 | E95: T/Day | F95: 15 | G95: monthly_60FQI051 | H95: =SUM(I95:AN95) -> 386.06754 | I95: =VLOOKUP($B95,'DCS Data'!$E$2:$AJ$100,MATCH('Daily Report'!I$1,'DCS Data'!$E$2:$AJ$2,0),0) -> 11.143606 | K95: =VLOOKUP($B95,'DCS Data'!$E$2:$AJ$100,MATCH('Daily Report'!K$1,'DCS Data'!$E$2:$AJ$2,0),0) -> 11.909298 | L95: =VLOOKUP($B95,'DCS Data'!$E$2:$AJ$100,MATCH('Daily Report'!L$1,'DCS Data'!$E$2:$AJ$2,0),0) -> 12.132769 | M95: =VLOOKUP($B95,'DCS Data'!$E$2:$AJ$100,MATCH('Daily Report'!M$1,'DCS Data'!$E$2:$AJ$2,0),0) -> 12.313771 | N95: =VLOOKUP($B95,'DCS Data'!$E$2:$AJ$100,MATCH('Daily Report'!N$1,'DCS Data'!$E$2:$AJ$2,0),0) -> 12.371218 | O95: =VLOOKUP($B95,'DCS Data'!$E$2:$AJ$100,MATCH('Daily Report'!O$1,'DCS Data'!$E$2:$AJ$2,0),0) -> 12.436441 | P95: =VLOOKUP($B95,'DCS Data'!$E$2:$AJ$100,MATCH('Daily Report'!P$1,'DCS Data'!$E$2:$AJ$2,0),0) -> 12.380815 | Q95: =VLOOKUP($B95,'DCS Data'!$E$2:$AJ$100,MATCH('Daily Report'!Q$1,'DCS Data'!$E$2:$AJ$2,0),0) -> 12.243364 | R95: =VLOOKUP($B95,'DCS Data'!$E$2:$AJ$100,MATCH('Daily Report'!R$1,'DCS Data'!$E$2:$AJ$2,0),0) -> 12.251209 | ... AN95: =VLOOKUP($B95,'DCS Data'!$E$2:$AJ$100,MATCH('Daily Report'!AN$1,'DCS Data'!$E$2:$AJ$2,0),0) -> 13.203172
A96: Total LP steam | D96: calc_ttl_lp_steam | E96: T/Day | F96: =F94+F95 -> 316.1 | G96: monthly_calc_ttl_lp_steam | H96: =SUM(I96:AN96) -> 9771.0661 | I96: =I94+I95 -> 335.31037 | K96: =K94+K95 -> 344.8038 | L96: =L94+L95 -> 344.57996 | M96: =M94+M95 -> 343.15545 | N96: =N94+N95 -> 311.17914 | O96: =O94+O95 -> 311.21249 | P96: =P94+P95 -> 311.20123 | Q96: =Q94+Q95 -> 310.9858 | R96: =R94+R95 -> 310.91832 | ... AN96: =AN94+AN95 -> 312.05065
A97: MP Steam | B97: New Meter Required | C97: New Meter Required | E97: T/Day | G97: monthly_ | H97: =SUM(I97:AN97) -> #N/A | I97: =VLOOKUP($B97,'DCS Data'!$E$2:$AJ$100,MATCH('Daily Report'!I$1,'DCS Data'!$E$2:$AJ$2,0),0) -> #N/A | K97: =VLOOKUP($B97,'DCS Data'!$E$2:$AJ$100,MATCH('Daily Report'!K$1,'DCS Data'!$E$2:$AJ$2,0),0) -> #N/A | L97: =VLOOKUP($B97,'DCS Data'!$E$2:$AJ$100,MATCH('Daily Report'!L$1,'DCS Data'!$E$2:$AJ$2,0),0) -> #N/A | M97: =VLOOKUP($B97,'DCS Data'!$E$2:$AJ$100,MATCH('Daily Report'!M$1,'DCS Data'!$E$2:$AJ$2,0),0) -> #N/A | N97: =VLOOKUP($B97,'DCS Data'!$E$2:$AJ$100,MATCH('Daily Report'!N$1,'DCS Data'!$E$2:$AJ$2,0),0) -> #N/A | O97: =VLOOKUP($B97,'DCS Data'!$E$2:$AJ$100,MATCH('Daily Report'!O$1,'DCS Data'!$E$2:$AJ$2,0),0) -> #N/A | P97: =VLOOKUP($B97,'DCS Data'!$E$2:$AJ$100,MATCH('Daily Report'!P$1,'DCS Data'!$E$2:$AJ$2,0),0) -> #N/A | Q97: =VLOOKUP($B97,'DCS Data'!$E$2:$AJ$100,MATCH('Daily Report'!Q$1,'DCS Data'!$E$2:$AJ$2,0),0) -> #N/A | R97: =VLOOKUP($B97,'DCS Data'!$E$2:$AJ$100,MATCH('Daily Report'!R$1,'DCS Data'!$E$2:$AJ$2,0),0) -> #N/A | ... AN97: =VLOOKUP($B97,'DCS Data'!$E$2:$AJ$100,MATCH('Daily Report'!AN$1,'DCS Data'!$E$2:$AJ$2,0),0) -> #N/A
A98: BFW to Steam drum | B98: 60FR021.PV | C98: 60FQI021 | D98: 60FQI021 | E98: T/Day | F98: 4417.6 | G98: monthly_60FQI021 | H98: =SUM(I98:AN98) -> 111964.34 | I98: =VLOOKUP($B98,'DCS Data'!$E$2:$AJ$100,MATCH('Daily Report'!I$1,'DCS Data'!$E$2:$AJ$2,0),0) -> 3389.8588 | K98: =VLOOKUP($B98,'DCS Data'!$E$2:$AJ$100,MATCH('Daily Report'!K$1,'DCS Data'!$E$2:$AJ$2,0),0) -> 3664.5952 | L98: =VLOOKUP($B98,'DCS Data'!$E$2:$AJ$100,MATCH('Daily Report'!L$1,'DCS Data'!$E$2:$AJ$2,0),0) -> 3685.7111 | M98: =VLOOKUP($B98,'DCS Data'!$E$2:$AJ$100,MATCH('Daily Report'!M$1,'DCS Data'!$E$2:$AJ$2,0),0) -> 3675.4643 | N98: =VLOOKUP($B98,'DCS Data'!$E$2:$AJ$100,MATCH('Daily Report'!N$1,'DCS Data'!$E$2:$AJ$2,0),0) -> 3683.8671 | O98: =VLOOKUP($B98,'DCS Data'!$E$2:$AJ$100,MATCH('Daily Report'!O$1,'DCS Data'!$E$2:$AJ$2,0),0) -> 3725.7588 | P98: =VLOOKUP($B98,'DCS Data'!$E$2:$AJ$100,MATCH('Daily Report'!P$1,'DCS Data'!$E$2:$AJ$2,0),0) -> 3719.2906 | Q98: =VLOOKUP($B98,'DCS Data'!$E$2:$AJ$100,MATCH('Daily Report'!Q$1,'DCS Data'!$E$2:$AJ$2,0),0) -> 3700.2338 | R98: =VLOOKUP($B98,'DCS Data'!$E$2:$AJ$100,MATCH('Daily Report'!R$1,'DCS Data'!$E$2:$AJ$2,0),0) -> 3649.8516 | ... AN98: =VLOOKUP($B98,'DCS Data'!$E$2:$AJ$100,MATCH('Daily Report'!AN$1,'DCS Data'!$E$2:$AJ$2,0),0) -> 3667.7345
A99: HBFW to attemperator J-6001 | B99: 60FR017.PV | C99: 60FQI017 | D99: 60FQI017 | E99: T/Day | F99: 0 | G99: monthly_60FQI017 | H99: =SUM(I99:AN99) -> 2399.2675 | I99: =VLOOKUP($B99,'DCS Data'!$E$2:$AJ$100,MATCH('Daily Report'!I$1,'DCS Data'!$E$2:$AJ$2,0),0) -> 44.827315 | K99: =VLOOKUP($B99,'DCS Data'!$E$2:$AJ$100,MATCH('Daily Report'!K$1,'DCS Data'!$E$2:$AJ$2,0),0) -> 65.494207 | L99: =VLOOKUP($B99,'DCS Data'!$E$2:$AJ$100,MATCH('Daily Report'!L$1,'DCS Data'!$E$2:$AJ$2,0),0) -> 63.429567 | M99: =VLOOKUP($B99,'DCS Data'!$E$2:$AJ$100,MATCH('Daily Report'!M$1,'DCS Data'!$E$2:$AJ$2,0),0) -> 61.566811 | N99: =VLOOKUP($B99,'DCS Data'!$E$2:$AJ$100,MATCH('Daily Report'!N$1,'DCS Data'!$E$2:$AJ$2,0),0) -> 57.421626 | O99: =VLOOKUP($B99,'DCS Data'!$E$2:$AJ$100,MATCH('Daily Report'!O$1,'DCS Data'!$E$2:$AJ$2,0),0) -> 70.260244 | P99: =VLOOKUP($B99,'DCS Data'!$E$2:$AJ$100,MATCH('Daily Report'!P$1,'DCS Data'!$E$2:$AJ$2,0),0) -> 70.255795 | Q99: =VLOOKUP($B99,'DCS Data'!$E$2:$AJ$100,MATCH('Daily Report'!Q$1,'DCS Data'!$E$2:$AJ$2,0),0) -> 70.249288 | R99: =VLOOKUP($B99,'DCS Data'!$E$2:$AJ$100,MATCH('Daily Report'!R$1,'DCS Data'!$E$2:$AJ$2,0),0) -> 70.263427 | ... AN99: =VLOOKUP($B99,'DCS Data'!$E$2:$AJ$100,MATCH('Daily Report'!AN$1,'DCS Data'!$E$2:$AJ$2,0),0) -> 83.997488
A100: HBFW to attemperator J-6002 | B100: 60FR018.PV | C100: 60FQI018 | D100: 60FQI018 | E100: T/Day | F100: 150 | G100: monthly_60FQI018 | H100: =SUM(I100:AN100) -> 2083.6343 | I100: =VLOOKUP($B100,'DCS Data'!$E$2:$AJ$100,MATCH('Daily Report'!I$1,'DCS Data'!$E$2:$AJ$2,0),0) -> 64.435585 | K100: =VLOOKUP($B100,'DCS Data'!$E$2:$AJ$100,MATCH('Daily Report'!K$1,'DCS Data'!$E$2:$AJ$2,0),0) -> 67.717367 | L100: =VLOOKUP($B100,'DCS Data'!$E$2:$AJ$100,MATCH('Daily Report'!L$1,'DCS Data'!$E$2:$AJ$2,0),0) -> 67.82999 | M100: =VLOOKUP($B100,'DCS Data'!$E$2:$AJ$100,MATCH('Daily Report'!M$1,'DCS Data'!$E$2:$AJ$2,0),0) -> 68.380182 | N100: =VLOOKUP($B100,'DCS Data'!$E$2:$AJ$100,MATCH('Daily Report'!N$1,'DCS Data'!$E$2:$AJ$2,0),0) -> 68.623166 | O100: =VLOOKUP($B100,'DCS Data'!$E$2:$AJ$100,MATCH('Daily Report'!O$1,'DCS Data'!$E$2:$AJ$2,0),0) -> 67.674919 | P100: =VLOOKUP($B100,'DCS Data'!$E$2:$AJ$100,MATCH('Daily Report'!P$1,'DCS Data'!$E$2:$AJ$2,0),0) -> 67.432784 | Q100: =VLOOKUP($B100,'DCS Data'!$E$2:$AJ$100,MATCH('Daily Report'!Q$1,'DCS Data'!$E$2:$AJ$2,0),0) -> 67.401967 | R100: =VLOOKUP($B100,'DCS Data'!$E$2:$AJ$100,MATCH('Daily Report'!R$1,'DCS Data'!$E$2:$AJ$2,0),0) -> 66.801651 | ... AN100: =VLOOKUP($B100,'DCS Data'!$E$2:$AJ$100,MATCH('Daily Report'!AN$1,'DCS Data'!$E$2:$AJ$2,0),0) -> 69.277881
...

Sheet Analysis
A1: BHIG/SASREF Analysis REPORT Date DD/MM/YYYY | H1: Reference | I1: Monthly Records | J1: ='Daily Report'!I1:I2 -> 45931 | L1: ='Daily Report'!K1:K2 -> 45932 | M1: ='Daily Report'!L1:L2 -> 45933 | N1: ='Daily Report'!M1:M2 -> 45934 | O1: ='Daily Report'!N1:N2 -> 45935 | P1: ='Daily Report'!O1:O2 -> 45936 | Q1: ='Daily Report'!P1:P2 -> 45937 | R1: ='Daily Report'!Q1:Q2 -> 45938 | S1: ='Daily Report'!R1:R2 -> 45939 | ... AO1: ='Daily Report'!AN1:AN2 -> 45961
A2: Parameter | B2: PreviousTag | C2: Updated Tag | F2: UOM | G2: Component
A3: Sales gas Analysis | B3: 927QR111.PV | C3: 927QR111 | D3: avg_sales_gas_analysis_n2 | E3: monthly_avg_sales_gas_analysis_n2 | F3: % | G3: N2 | H3: 9.25 | I3: =IFERROR(AVERAGE(J3:AO3),"") -> 8.3622986 | J3: =VLOOKUP($B3,'DCS Data'!$E$2:$AJ$100,MATCH(J$1,'DCS Data'!$E$2:$AJ$2,0),0) -> 7.7279661 | L3: =VLOOKUP($B3,'DCS Data'!$E$2:$AJ$100,MATCH(L$1,'DCS Data'!$E$2:$AJ$2,0),0) -> 7.7303224 | M3: =VLOOKUP($B3,'DCS Data'!$E$2:$AJ$100,MATCH(M$1,'DCS Data'!$E$2:$AJ$2,0),0) -> 7.3125413 | N3: =VLOOKUP($B3,'DCS Data'!$E$2:$AJ$100,MATCH(N$1,'DCS Data'!$E$2:$AJ$2,0),0) -> 7.3564318 | O3: =VLOOKUP($B3,'DCS Data'!$E$2:$AJ$100,MATCH(O$1,'DCS Data'!$E$2:$AJ$2,0),0) -> 7.3837764 | P3: =VLOOKUP($B3,'DCS Data'!$E$2:$AJ$100,MATCH(P$1,'DCS Data'!$E$2:$AJ$2,0),0) -> 7.4697811 | Q3: =VLOOKUP($B3,'DCS Data'!$E$2:$AJ$100,MATCH(Q$1,'DCS Data'!$E$2:$AJ$2,0),0) -> 7.523999 | R3: =VLOOKUP($B3,'DCS Data'!$E$2:$AJ$100,MATCH(R$1,'DCS Data'!$E$2:$AJ$2,0),0) -> 7.5938149 | S3: =VLOOKUP($B3,'DCS Data'!$E$2:$AJ$100,MATCH(S$1,'DCS Data'!$E$2:$AJ$2,0),0) -> 7.9582365 | ... AO3: =VLOOKUP($B3,'DCS Data'!$E$2:$AJ$100,MATCH(AO$1,'DCS Data'!$E$2:$AJ$2,0),0) -> 8.2636324
B4: 927QR112.PV | C4: 927QR112 | D4: avg_sales_gas_analysis_c1 | E4: monthly_avg_sales_gas_analysis_c1 | F4: % | G4: C1 | H4: 88.09 | I4: =IFERROR(AVERAGE(J4:AO4),"") -> 88.171146 | J4: =VLOOKUP($B4,'DCS Data'!$E$2:$AJ$100,MATCH(J$1,'DCS Data'!$E$2:$AJ$2,0),0) -> 88.147259 | L4: =VLOOKUP($B4,'DCS Data'!$E$2:$AJ$100,MATCH(L$1,'DCS Data'!$E$2:$AJ$2,0),0) -> 88.277516 | M4: =VLOOKUP($B4,'DCS Data'!$E$2:$AJ$100,MATCH(M$1,'DCS Data'!$E$2:$AJ$2,0),0) -> 89.174941 | N4: =VLOOKUP($B4,'DCS Data'!$E$2:$AJ$100,MATCH(N$1,'DCS Data'!$E$2:$AJ$2,0),0) -> 89.15497 | O4: =VLOOKUP($B4,'DCS Data'!$E$2:$AJ$100,MATCH(O$1,'DCS Data'!$E$2:$AJ$2,0),0) -> 89.087316 | P4: =VLOOKUP($B4,'DCS Data'!$E$2:$AJ$100,MATCH(P$1,'DCS Data'!$E$2:$AJ$2,0),0) -> 89.00332 | Q4: =VLOOKUP($B4,'DCS Data'!$E$2:$AJ$100,MATCH(Q$1,'DCS Data'!$E$2:$AJ$2,0),0) -> 89.023176 | R4: =VLOOKUP($B4,'DCS Data'!$E$2:$AJ$100,MATCH(R$1,'DCS Data'!$E$2:$AJ$2,0),0) -> 88.822128 | S4: =VLOOKUP($B4,'DCS Data'!$E$2:$AJ$100,MATCH(S$1,'DCS Data'!$E$2:$AJ$2,0),0) -> 88.550442 | ... AO4: =VLOOKUP($B4,'DCS Data'!$E$2:$AJ$100,MATCH(AO$1,'DCS Data'!$E$2:$AJ$2,0),0) -> 88.838071
B5: 927QR113.PV | C5: 927QR113 | D5: avg_sales_gas_analysis_co2 | E5: monthly_avg_sales_gas_analysis_co2 | F5: % | G5: CO2 | H5: 0 | I5: =IFERROR(AVERAGE(J5:AO5),"") -> 0.048624501 | J5: =VLOOKUP($B5,'DCS Data'!$E$2:$AJ$100,MATCH(J$1,'DCS Data'!$E$2:$AJ$2,0),0) -> 0.0010768107 | L5: =VLOOKUP($B5,'DCS Data'!$E$2:$AJ$100,MATCH(L$1,'DCS Data'!$E$2:$AJ$2,0),0) -> 0.00042777948 | M5: =VLOOKUP($B5,'DCS Data'!$E$2:$AJ$100,MATCH(M$1,'DCS Data'!$E$2:$AJ$2,0),0) -> 0.00025636045 | N5: =VLOOKUP($B5,'DCS Data'!$E$2:$AJ$100,MATCH(N$1,'DCS Data'!$E$2:$AJ$2,0),0) -> 0.00055366194 | O5: =VLOOKUP($B5,'DCS Data'!$E$2:$AJ$100,MATCH(O$1,'DCS Data'!$E$2:$AJ$2,0),0) -> 0.00028491859 | P5: =VLOOKUP($B5,'DCS Data'!$E$2:$AJ$100,MATCH(P$1,'DCS Data'!$E$2:$AJ$2,0),0) -> 0.00027200351 | Q5: =VLOOKUP($B5,'DCS Data'!$E$2:$AJ$100,MATCH(Q$1,'DCS Data'!$E$2:$AJ$2,0),0) -> 0.00025433332 | R5: =VLOOKUP($B5,'DCS Data'!$E$2:$AJ$100,MATCH(R$1,'DCS Data'!$E$2:$AJ$2,0),0) -> 0.0002821697 | S5: =VLOOKUP($B5,'DCS Data'!$E$2:$AJ$100,MATCH(S$1,'DCS Data'!$E$2:$AJ$2,0),0) -> 0.00025001161 | ... AO5: =VLOOKUP($B5,'DCS Data'!$E$2:$AJ$100,MATCH(AO$1,'DCS Data'!$E$2:$AJ$2,0),0) -> 0.01091005
B6: 927QR115.PV | C6: 927QR114 | D6: avg_sales_gas_analysis_c2 | E6: monthly_avg_sales_gas_analysis_c2 | F6: % | G6: C2 | H6: 0.31 | I6: =IFERROR(AVERAGE(J6:AO6),"") -> 1.7397116 | J6: =VLOOKUP($B6,'DCS Data'!$E$2:$AJ$100,MATCH(J$1,'DCS Data'!$E$2:$AJ$2,0),0) -> 2.13524 | L6: =VLOOKUP($B6,'DCS Data'!$E$2:$AJ$100,MATCH(L$1,'DCS Data'!$E$2:$AJ$2,0),0) -> 2.1452693 | M6: =VLOOKUP($B6,'DCS Data'!$E$2:$AJ$100,MATCH(M$1,'DCS Data'!$E$2:$AJ$2,0),0) -> 1.8485042 | N6: =VLOOKUP($B6,'DCS Data'!$E$2:$AJ$100,MATCH(N$1,'DCS Data'!$E$2:$AJ$2,0),0) -> 1.8353207 | O6: =VLOOKUP($B6,'DCS Data'!$E$2:$AJ$100,MATCH(O$1,'DCS Data'!$E$2:$AJ$2,0),0) -> 1.7642152 | P6: =VLOOKUP($B6,'DCS Data'!$E$2:$AJ$100,MATCH(P$1,'DCS Data'!$E$2:$AJ$2,0),0) -> 1.8074712 | Q6: =VLOOKUP($B6,'DCS Data'!$E$2:$AJ$100,MATCH(Q$1,'DCS Data'!$E$2:$AJ$2,0),0) -> 1.7921236 | R6: =VLOOKUP($B6,'DCS Data'!$E$2:$AJ$100,MATCH(R$1,'DCS Data'!$E$2:$AJ$2,0),0) -> 1.916892 | S6: =VLOOKUP($B6,'DCS Data'!$E$2:$AJ$100,MATCH(S$1,'DCS Data'!$E$2:$AJ$2,0),0) -> 1.8594962 | ... AO6: =VLOOKUP($B6,'DCS Data'!$E$2:$AJ$100,MATCH(AO$1,'DCS Data'!$E$2:$AJ$2,0),0) -> 1.4172751
B7: 927QR114.PV | C7: 927QR115 | D7: avg_sales_gas_analysis_c3 | E7: monthly_avg_sales_gas_analysis_c3 | F7: % | G7: C3 | H7: 1.45 | I7: =IFERROR(AVERAGE(J7:AO7),"") -> 0.29044252 | J7: =VLOOKUP($B7,'DCS Data'!$E$2:$AJ$100,MATCH(J$1,'DCS Data'!$E$2:$AJ$2,0),0) -> 0.27931194 | L7: =VLOOKUP($B7,'DCS Data'!$E$2:$AJ$100,MATCH(L$1,'DCS Data'!$E$2:$AJ$2,0),0) -> 0.28543725 | M7: =VLOOKUP($B7,'DCS Data'!$E$2:$AJ$100,MATCH(M$1,'DCS Data'!$E$2:$AJ$2,0),0) -> 0.26994799 | N7: =VLOOKUP($B7,'DCS Data'!$E$2:$AJ$100,MATCH(N$1,'DCS Data'!$E$2:$AJ$2,0),0) -> 0.27048602 | O7: =VLOOKUP($B7,'DCS Data'!$E$2:$AJ$100,MATCH(O$1,'DCS Data'!$E$2:$AJ$2,0),0) -> 0.26941204 | P7: =VLOOKUP($B7,'DCS Data'!$E$2:$AJ$100,MATCH(P$1,'DCS Data'!$E$2:$AJ$2,0),0) -> 0.27069062 | Q7: =VLOOKUP($B7,'DCS Data'!$E$2:$AJ$100,MATCH(Q$1,'DCS Data'!$E$2:$AJ$2,0),0) -> 0.27269587 | R7: =VLOOKUP($B7,'DCS Data'!$E$2:$AJ$100,MATCH(R$1,'DCS Data'!$E$2:$AJ$2,0),0) -> 0.27296589 | S7: =VLOOKUP($B7,'DCS Data'!$E$2:$AJ$100,MATCH(S$1,'DCS Data'!$E$2:$AJ$2,0),0) -> 0.28161823 | ... AO7: =VLOOKUP($B7,'DCS Data'!$E$2:$AJ$100,MATCH(AO$1,'DCS Data'!$E$2:$AJ$2,0),0) -> 0.23273979
B8: 927QR116.PV | C8: 927QR116 | D8: avg_sales_gas_analysis_ic4 | E8: monthly_avg_sales_gas_analysis_ic4 | F8: % | G8: iC4 | H8: 0.06 | I8: =IFERROR(AVERAGE(J8:AO8),"") -> 0.05827742 | J8: =VLOOKUP($B8,'DCS Data'!$E$2:$AJ$100,MATCH(J$1,'DCS Data'!$E$2:$AJ$2,0),0) -> 0.054195789 | L8: =VLOOKUP($B8,'DCS Data'!$E$2:$AJ$100,MATCH(L$1,'DCS Data'!$E$2:$AJ$2,0),0) -> 0.055449643 | M8: =VLOOKUP($B8,'DCS Data'!$E$2:$AJ$100,MATCH(M$1,'DCS Data'!$E$2:$AJ$2,0),0) -> 0.052345704 | N8: =VLOOKUP($B8,'DCS Data'!$E$2:$AJ$100,MATCH(N$1,'DCS Data'!$E$2:$AJ$2,0),0) -> 0.052701321 | O8: =VLOOKUP($B8,'DCS Data'!$E$2:$AJ$100,MATCH(O$1,'DCS Data'!$E$2:$AJ$2,0),0) -> 0.052325069 | P8: =VLOOKUP($B8,'DCS Data'!$E$2:$AJ$100,MATCH(P$1,'DCS Data'!$E$2:$AJ$2,0),0) -> 0.052821589 | Q8: =VLOOKUP($B8,'DCS Data'!$E$2:$AJ$100,MATCH(Q$1,'DCS Data'!$E$2:$AJ$2,0),0) -> 0.053743392 | R8: =VLOOKUP($B8,'DCS Data'!$E$2:$AJ$100,MATCH(R$1,'DCS Data'!$E$2:$AJ$2,0),0) -> 0.053758842 | S8: =VLOOKUP($B8,'DCS Data'!$E$2:$AJ$100,MATCH(S$1,'DCS Data'!$E$2:$AJ$2,0),0) -> 0.05650704 | ... AO8: =VLOOKUP($B8,'DCS Data'!$E$2:$AJ$100,MATCH(AO$1,'DCS Data'!$E$2:$AJ$2,0),0) -> 0.047352106
B9: 927QR117.PV | C9: 927QR117 | D9: avg_sales_gas_analysis_nc4 | E9: monthly_avg_sales_gas_analysis_nc4 | F9: % | G9: nC4 | H9: 0.09 | I9: =IFERROR(AVERAGE(J9:AO9),"") -> 0.084916242 | J9: =VLOOKUP($B9,'DCS Data'!$E$2:$AJ$100,MATCH(J$1,'DCS Data'!$E$2:$AJ$2,0),0) -> 0.081152857 | L9: =VLOOKUP($B9,'DCS Data'!$E$2:$AJ$100,MATCH(L$1,'DCS Data'!$E$2:$AJ$2,0),0) -> 0.08247251 | M9: =VLOOKUP($B9,'DCS Data'!$E$2:$AJ$100,MATCH(M$1,'DCS Data'!$E$2:$AJ$2,0),0) -> 0.077388773 | N9: =VLOOKUP($B9,'DCS Data'!$E$2:$AJ$100,MATCH(N$1,'DCS Data'!$E$2:$AJ$2,0),0) -> 0.077781541 | O9: =VLOOKUP($B9,'DCS Data'!$E$2:$AJ$100,MATCH(O$1,'DCS Data'!$E$2:$AJ$2,0),0) -> 0.077204572 | P9: =VLOOKUP($B9,'DCS Data'!$E$2:$AJ$100,MATCH(P$1,'DCS Data'!$E$2:$AJ$2,0),0) -> 0.078175445 | Q9: =VLOOKUP($B9,'DCS Data'!$E$2:$AJ$100,MATCH(Q$1,'DCS Data'!$E$2:$AJ$2,0),0) -> 0.078830257 | R9: =VLOOKUP($B9,'DCS Data'!$E$2:$AJ$100,MATCH(R$1,'DCS Data'!$E$2:$AJ$2,0),0) -> 0.078056082 | S9: =VLOOKUP($B9,'DCS Data'!$E$2:$AJ$100,MATCH(S$1,'DCS Data'!$E$2:$AJ$2,0),0) -> 0.081791966 | ... AO9: =VLOOKUP($B9,'DCS Data'!$E$2:$AJ$100,MATCH(AO$1,'DCS Data'!$E$2:$AJ$2,0),0) -> 0.066273841
B10: 927QR118.PV | C10: 927QR118 | D10: avg_sales_gas_analysis_c5 | E10: monthly_avg_sales_gas_analysis_c5 | F10: % | G10: C5 | H10: 0.12 | I10: =IFERROR(AVERAGE(J10:AO10),"") -> 0.10428178 | J10: =VLOOKUP($B10,'DCS Data'!$E$2:$AJ$100,MATCH(J$1,'DCS Data'!$E$2:$AJ$2,0),0) -> 0.097025171 | L10: =VLOOKUP($B10,'DCS Data'!$E$2:$AJ$100,MATCH(L$1,'DCS Data'!$E$2:$AJ$2,0),0) -> 0.10012799 | M10: =VLOOKUP($B10,'DCS Data'!$E$2:$AJ$100,MATCH(M$1,'DCS Data'!$E$2:$AJ$2,0),0) -> 0.094340846 | N10: =VLOOKUP($B10,'DCS Data'!$E$2:$AJ$100,MATCH(N$1,'DCS Data'!$E$2:$AJ$2,0),0) -> 0.094290205 | O10: =VLOOKUP($B10,'DCS Data'!$E$2:$AJ$100,MATCH(O$1,'DCS Data'!$E$2:$AJ$2,0),0) -> 0.094132407 | P10: =VLOOKUP($B10,'DCS Data'!$E$2:$AJ$100,MATCH(P$1,'DCS Data'!$E$2:$AJ$2,0),0) -> 0.095121002 | Q10: =VLOOKUP($B10,'DCS Data'!$E$2:$AJ$100,MATCH(Q$1,'DCS Data'!$E$2:$AJ$2,0),0) -> 0.097070028 | R10: =VLOOKUP($B10,'DCS Data'!$E$2:$AJ$100,MATCH(R$1,'DCS Data'!$E$2:$AJ$2,0),0) -> 0.096668019 | S10: =VLOOKUP($B10,'DCS Data'!$E$2:$AJ$100,MATCH(S$1,'DCS Data'!$E$2:$AJ$2,0),0) -> 0.10161223 | ... AO10: =VLOOKUP($B10,'DCS Data'!$E$2:$AJ$100,MATCH(AO$1,'DCS Data'!$E$2:$AJ$2,0),0) -> 0.082572192
D11: analysis_sales_gas_h2 | E11: monthly_analysis_sales_gas_h2 | F11: % | G11: H2 | H11: 0 | I11: =IFERROR(AVERAGE(J11:AO11),"") -> 0 | J11: =$H11 -> 0 | L11: =$H11 -> 0 | M11: =$H11 -> 0 | N11: =$H11 -> 0 | O11: =$H11 -> 0 | P11: =$H11 -> 0 | Q11: =$H11 -> 0 | R11: =$H11 -> 0 | S11: =$H11 -> 0 | ... AO11: =$H11 -> 0
D12: Sales_Gas_Average_MWt | E12: monthly_Sales_Gas_Average_MWt | H12: 17.626944 | I12: =IFERROR(AVERAGE(J12:AO12),"") -> 17.316002 | J12: =(J3*28.01/100)+(J4*16.04/100)+(J5*44.01/100)+(J6*30.07/100)+(J7*44.097/100)+(J8*58.12/100)+(J9*58.12/100)+(J10*72.15/100)+(J11*2.016/100) -> 17.217801 | L12: =(L3*28.01/100)+(L4*16.04/100)+(L5*44.01/100)+(L6*30.07/100)+(L7*44.097/100)+(L8*58.12/100)+(L9*58.12/100)+(L10*72.15/100)+(L11*2.016/100) -> 17.24852 | M12: =(M3*28.01/100)+(M4*16.04/100)+(M5*44.01/100)+(M6*30.07/100)+(M7*44.097/100)+(M8*58.12/100)+(M9*58.12/100)+(M10*72.15/100)+(M11*2.016/100) -> 17.170369 | N12: =(N3*28.01/100)+(N4*16.04/100)+(N5*44.01/100)+(N6*30.07/100)+(N7*44.097/100)+(N8*58.12/100)+(N9*58.12/100)+(N10*72.15/100)+(N11*2.016/100) -> 17.176262 | O12: =(O3*28.01/100)+(O4*16.04/100)+(O5*44.01/100)+(O6*30.07/100)+(O7*44.097/100)+(O8*58.12/100)+(O9*58.12/100)+(O10*72.15/100)+(O11*2.016/100) -> 17.150428 | P12: =(P3*28.01/100)+(P4*16.04/100)+(P5*44.01/100)+(P6*30.07/100)+(P7*44.097/100)+(P8*58.12/100)+(P9*58.12/100)+(P10*72.15/100)+(P11*2.016/100) -> 17.176176 | Q12: =(Q3*28.01/100)+(Q4*16.04/100)+(Q5*44.01/100)+(Q6*30.07/100)+(Q7*44.097/100)+(Q8*58.12/100)+(Q9*58.12/100)+(Q10*72.15/100)+(Q11*2.016/100) -> 17.193132 | R12: =(R3*28.01/100)+(R4*16.04/100)+(R5*44.01/100)+(R6*30.07/100)+(R7*44.097/100)+(R8*58.12/100)+(R9*58.12/100)+(R10*72.15/100)+(R11*2.016/100) -> 17.217357 | S12: =(S3*28.01/100)+(S4*16.04/100)+(S5*44.01/100)+(S6*30.07/100)+(S7*44.097/100)+(S8*58.12/100)+(S9*58.12/100)+(S10*72.15/100)+(S11*2.016/100) -> 17.269731 | ... AO12: =(AO3*28.01/100)+(AO4*16.04/100)+(AO5*44.01/100)+(AO6*30.07/100)+(AO7*44.097/100)+(AO8*58.12/100)+(AO9*58.12/100)+(AO10*72.15/100)+(AO11*2.016/100) -> 17.223493
A13: REFORMER Outlet Analysis | D13: analysis_reformer_outlet_h2 | E13: monthly_analysis_reformer_outlet_h2 | F13: % | G13: H2 | H13: 79.7 | I13: =IFERROR(AVERAGE(J13:AO13),"") -> 79.7 | J13: =$H13 -> 79.7 | L13: =$H13 -> 79.7 | M13: =$H13 -> 79.7 | N13: =$H13 -> 79.7 | O13: =$H13 -> 79.7 | P13: =$H13 -> 79.7 | Q13: =$H13 -> 79.7 | R13: =$H13 -> 79.7 | S13: =$H13 -> 79.7 | ... AO13: =$H13 -> 79.7
D14: analysis_reformer_outlet_n2 | E14: monthly_analysis_reformer_outlet_n2 | F14: % | G14: N2 | H14: 2.1 | I14: =IFERROR(AVERAGE(J14:AO14),"") -> 2.1 | J14: =$H14 -> 2.1 | L14: =$H14 -> 2.1 | M14: =$H14 -> 2.1 | N14: =$H14 -> 2.1 | O14: =$H14 -> 2.1 | P14: =$H14 -> 2.1 | Q14: =$H14 -> 2.1 | R14: =$H14 -> 2.1 | S14: =$H14 -> 2.1 | ... AO14: =$H14 -> 2.1
D15: analysis_reformer_outlet_co | E15: monthly_analysis_reformer_outlet_co | F15: % | G15: CO | H15: 4.9 | I15: =IFERROR(AVERAGE(J15:AO15),"") -> 4.9 | J15: =$H15 -> 4.9 | L15: =$H15 -> 4.9 | M15: =$H15 -> 4.9 | N15: =$H15 -> 4.9 | O15: =$H15 -> 4.9 | P15: =$H15 -> 4.9 | Q15: =$H15 -> 4.9 | R15: =$H15 -> 4.9 | S15: =$H15 -> 4.9 | ... AO15: =$H15 -> 4.9
D16: analysis_reformer_outlet_co2 | E16: monthly_analysis_reformer_outlet_co2 | F16: % | G16: CO2 | H16: 11.7 | I16: =IFERROR(AVERAGE(J16:AO16),"") -> 11.7 | J16: =$H16 -> 11.7 | L16: =$H16 -> 11.7 | M16: =$H16 -> 11.7 | N16: =$H16 -> 11.7 | O16: =$H16 -> 11.7 | P16: =$H16 -> 11.7 | Q16: =$H16 -> 11.7 | R16: =$H16 -> 11.7 | S16: =$H16 -> 11.7 | ... AO16: =$H16 -> 11.7
B17: 60QR111.PV | C17: 60QR111 | D17: avg_reformer_outlet_analysis_ch4 | E17: monthly_avg_reformer_outlet_analysis_ch4 | F17: % | G17: CH4 | H17: 1.6 | I17: =IFERROR(AVERAGE(J17:AO17),"") -> 1.3244976 | J17: =IF(OR(VLOOKUP($B17,'DCS Data'!$E$2:$AJ$100,MATCH(J$1,'DCS Data'!$E$2:$AJ$2,0),0)<0.7,VLOOKUP($B17,'DCS Data'!$E$2:$AJ$100,MATCH(J$1,'DCS Data'!$E$2:$AJ$2,0),0)>2),"",VLOOKUP($B17,'DCS Data'!$E$2:$AJ$100,MATCH(J$1,'DCS Data'!$E$2:$AJ$2,0),0)) | L17: =IF(OR(VLOOKUP($B17,'DCS Data'!$E$2:$AJ$100,MATCH(L$1,'DCS Data'!$E$2:$AJ$2,0),0)<0.7,VLOOKUP($B17,'DCS Data'!$E$2:$AJ$100,MATCH(L$1,'DCS Data'!$E$2:$AJ$2,0),0)>2),"",VLOOKUP($B17,'DCS Data'!$E$2:$AJ$100,MATCH(L$1,'DCS Data'!$E$2:$AJ$2,0),0)) | M17: =IF(OR(VLOOKUP($B17,'DCS Data'!$E$2:$AJ$100,MATCH(M$1,'DCS Data'!$E$2:$AJ$2,0),0)<0.7,VLOOKUP($B17,'DCS Data'!$E$2:$AJ$100,MATCH(M$1,'DCS Data'!$E$2:$AJ$2,0),0)>2),"",VLOOKUP($B17,'DCS Data'!$E$2:$AJ$100,MATCH(M$1,'DCS Data'!$E$2:$AJ$2,0),0)) | N17: =IF(OR(VLOOKUP($B17,'DCS Data'!$E$2:$AJ$100,MATCH(N$1,'DCS Data'!$E$2:$AJ$2,0),0)<0.7,VLOOKUP($B17,'DCS Data'!$E$2:$AJ$100,MATCH(N$1,'DCS Data'!$E$2:$AJ$2,0),0)>2),"",VLOOKUP($B17,'DCS Data'!$E$2:$AJ$100,MATCH(N$1,'DCS Data'!$E$2:$AJ$2,0),0)) | O17: =IF(OR(VLOOKUP($B17,'DCS Data'!$E$2:$AJ$100,MATCH(O$1,'DCS Data'!$E$2:$AJ$2,0),0)<0.7,VLOOKUP($B17,'DCS Data'!$E$2:$AJ$100,MATCH(O$1,'DCS Data'!$E$2:$AJ$2,0),0)>2),"",VLOOKUP($B17,'DCS Data'!$E$2:$AJ$100,MATCH(O$1,'DCS Data'!$E$2:$AJ$2,0),0)) | P17: =IF(OR(VLOOKUP($B17,'DCS Data'!$E$2:$AJ$100,MATCH(P$1,'DCS Data'!$E$2:$AJ$2,0),0)<0.7,VLOOKUP($B17,'DCS Data'!$E$2:$AJ$100,MATCH(P$1,'DCS Data'!$E$2:$AJ$2,0),0)>2),"",VLOOKUP($B17,'DCS Data'!$E$2:$AJ$100,MATCH(P$1,'DCS Data'!$E$2:$AJ$2,0),0)) | Q17: =IF(OR(VLOOKUP($B17,'DCS Data'!$E$2:$AJ$100,MATCH(Q$1,'DCS Data'!$E$2:$AJ$2,0),0)<0.7,VLOOKUP($B17,'DCS Data'!$E$2:$AJ$100,MATCH(Q$1,'DCS Data'!$E$2:$AJ$2,0),0)>2),"",VLOOKUP($B17,'DCS Data'!$E$2:$AJ$100,MATCH(Q$1,'DCS Data'!$E$2:$AJ$2,0),0)) | R17: =IF(OR(VLOOKUP($B17,'DCS Data'!$E$2:$AJ$100,MATCH(R$1,'DCS Data'!$E$2:$AJ$2,0),0)<0.7,VLOOKUP($B17,'DCS Data'!$E$2:$AJ$100,MATCH(R$1,'DCS Data'!$E$2:$AJ$2,0),0)>2),"",VLOOKUP($B17,'DCS Data'!$E$2:$AJ$100,MATCH(R$1,'DCS Data'!$E$2:$AJ$2,0),0)) | S17: =IF(OR(VLOOKUP($B17,'DCS Data'!$E$2:$AJ$100,MATCH(S$1,'DCS Data'!$E$2:$AJ$2,0),0)<0.7,VLOOKUP($B17,'DCS Data'!$E$2:$AJ$100,MATCH(S$1,'DCS Data'!$E$2:$AJ$2,0),0)>2),"",VLOOKUP($B17,'DCS Data'!$E$2:$AJ$100,MATCH(S$1,'DCS Data'!$E$2:$AJ$2,0),0)) | ... AO17: =IF(OR(VLOOKUP($B17,'DCS Data'!$E$2:$AJ$100,MATCH(AO$1,'DCS Data'!$E$2:$AJ$2,0),0)<0.7,VLOOKUP($B17,'DCS Data'!$E$2:$AJ$100,MATCH(AO$1,'DCS Data'!$E$2:$AJ$2,0),0)>2),"",VLOOKUP($B17,'DCS Data'!$E$2:$AJ$100,MATCH(AO$1,'DCS Data'!$E$2:$AJ$2,0),0)) -> 1.1874019
A18: HTS Outlet Analysis | D18: analysis_hts_outlet_h2 | E18: monthly_analysis_hts_outlet_h2 | F18: % | G18: H2 | H18: 78.4 | I18: =IFERROR(AVERAGE(J18:AO18),"") -> 78.4 | J18: =$H18 -> 78.4 | L18: =$H18 -> 78.4 | M18: =$H18 -> 78.4 | N18: =$H18 -> 78.4 | O18: =$H18 -> 78.4 | P18: =$H18 -> 78.4 | Q18: =$H18 -> 78.4 | R18: =$H18 -> 78.4 | S18: =$H18 -> 78.4 | ... AO18: =$H18 -> 78.4
D19: analysis_hts_outlet_n2 | E19: monthly_analysis_hts_outlet_n2 | F19: % | G19: N2 | H19: 3.9 | I19: =IFERROR(AVERAGE(J19:AO19),"") -> 3.9 | J19: =$H19 -> 3.9 | L19: =$H19 -> 3.9 | M19: =$H19 -> 3.9 | N19: =$H19 -> 3.9 | O19: =$H19 -> 3.9 | P19: =$H19 -> 3.9 | Q19: =$H19 -> 3.9 | R19: =$H19 -> 3.9 | S19: =$H19 -> 3.9 | ... AO19: =$H19 -> 3.9
D20: analysis_hts_outlet_co | E20: monthly_analysis_hts_outlet_co | F20: % | G20: CO | H20: 0.5 | I20: =IFERROR(AVERAGE(J20:AO20),"") -> 0.5 | J20: =$H20 -> 0.5 | L20: =$H20 -> 0.5 | M20: =$H20 -> 0.5 | N20: =$H20 -> 0.5 | O20: =$H20 -> 0.5 | P20: =$H20 -> 0.5 | Q20: =$H20 -> 0.5 | R20: =$H20 -> 0.5 | S20: =$H20 -> 0.5 | ... AO20: =$H20 -> 0.5
D21: analysis_hts_outlet_co2 | E21: monthly_analysis_hts_outlet_co2 | F21: % | G21: CO2 | H21: 15.7 | I21: =IFERROR(AVERAGE(J21:AO21),"") -> 15.7 | J21: =$H21 -> 15.7 | L21: =$H21 -> 15.7 | M21: =$H21 -> 15.7 | N21: =$H21 -> 15.7 | O21: =$H21 -> 15.7 | P21: =$H21 -> 15.7 | Q21: =$H21 -> 15.7 | R21: =$H21 -> 15.7 | S21: =$H21 -> 15.7 | ... AO21: =$H21 -> 15.7
D22: analysis_hts_outlet_ch4 | E22: monthly_analysis_hts_outlet_ch4 | F22: % | G22: CH4 | H22: 1.5 | I22: =IFERROR(AVERAGE(J22:AO22),"") -> 1.5 | J22: =$H22 -> 1.5 | L22: =$H22 -> 1.5 | M22: =$H22 -> 1.5 | N22: =$H22 -> 1.5 | O22: =$H22 -> 1.5 | P22: =$H22 -> 1.5 | Q22: =$H22 -> 1.5 | R22: =$H22 -> 1.5 | S22: =$H22 -> 1.5 | ... AO22: =$H22 -> 1.5
A23: LTS Outlet Analysis | D23: analysis_lts_outlet_h2 | E23: monthly_analysis_lts_outlet_h2 | F23: % | G23: H2 | H23: 78.4 | I23: =IFERROR(AVERAGE(J23:AO23),"") -> 78.4 | J23: =$H23 -> 78.4 | L23: =$H23 -> 78.4 | M23: =$H23 -> 78.4 | N23: =$H23 -> 78.4 | O23: =$H23 -> 78.4 | P23: =$H23 -> 78.4 | Q23: =$H23 -> 78.4 | R23: =$H23 -> 78.4 | S23: =$H23 -> 78.4 | ... AO23: =$H23 -> 78.4
D24: analysis_lts_outlet_n2 | E24: monthly_analysis_lts_outlet_n2 | F24: % | G24: N2 | H24: 2.1 | I24: =IFERROR(AVERAGE(J24:AO24),"") -> 2.1 | J24: =$H24 -> 2.1 | L24: =$H24 -> 2.1 | M24: =$H24 -> 2.1 | N24: =$H24 -> 2.1 | O24: =$H24 -> 2.1 | P24: =$H24 -> 2.1 | Q24: =$H24 -> 2.1 | R24: =$H24 -> 2.1 | S24: =$H24 -> 2.1 | ... AO24: =$H24 -> 2.1
D25: analysis_lts_outlet_co | E25: monthly_analysis_lts_outlet_co | F25: % | G25: CO | H25: 0.1 | I25: =IFERROR(AVERAGE(J25:AO25),"") -> 0.1 | J25: =$H25 -> 0.1 | L25: =$H25 -> 0.1 | M25: =$H25 -> 0.1 | N25: =$H25 -> 0.1 | O25: =$H25 -> 0.1 | P25: =$H25 -> 0.1 | Q25: =$H25 -> 0.1 | R25: =$H25 -> 0.1 | S25: =$H25 -> 0.1 | ... AO25: =$H25 -> 0.1
D26: analysis_lts_outlet_co2 | E26: monthly_analysis_lts_outlet_co2 | F26: % | G26: CO2 | H26: 19.3 | I26: =IFERROR(AVERAGE(J26:AO26),"") -> 19.3 | J26: =$H26 -> 19.3 | L26: =$H26 -> 19.3 | M26: =$H26 -> 19.3 | N26: =$H26 -> 19.3 | O26: =$H26 -> 19.3 | P26: =$H26 -> 19.3 | Q26: =$H26 -> 19.3 | R26: =$H26 -> 19.3 | S26: =$H26 -> 19.3 | ... AO26: =$H26 -> 19.3
D27: analysis_lts_outlet_ch4 | E27: monthly_analysis_lts_outlet_ch4 | F27: % | G27: CH4 | H27: 1.4 | I27: =IFERROR(AVERAGE(J27:AO27),"") -> 1.4 | J27: =$H27 -> 1.4 | L27: =$H27 -> 1.4 | M27: =$H27 -> 1.4 | N27: =$H27 -> 1.4 | O27: =$H27 -> 1.4 | P27: =$H27 -> 1.4 | Q27: =$H27 -> 1.4 | R27: =$H27 -> 1.4 | S27: =$H27 -> 1.4 | ... AO27: =$H27 -> 1.4
A28: Methanator inlet Analysis | D28: analysis_methanator_inlet_h2 | E28: monthly_analysis_methanator_inlet_h2 | F28: % | G28: H2 | H28: 95.2 | I28: =IFERROR(AVERAGE(J28:AO28),"") -> 95.2 | J28: =$H28 -> 95.2 | L28: =$H28 -> 95.2 | M28: =$H28 -> 95.2 | N28: =$H28 -> 95.2 | O28: =$H28 -> 95.2 | P28: =$H28 -> 95.2 | Q28: =$H28 -> 95.2 | R28: =$H28 -> 95.2 | S28: =$H28 -> 95.2 | ... AO28: =$H28 -> 95.2
D29: analysis_methanator_inlet_n2 | E29: monthly_analysis_methanator_inlet_n2 | F29: % | G29: N2 | H29: 2.6 | I29: =IFERROR(AVERAGE(J29:AO29),"") -> 2.6 | J29: =$H29 -> 2.6 | L29: =$H29 -> 2.6 | M29: =$H29 -> 2.6 | N29: =$H29 -> 2.6 | O29: =$H29 -> 2.6 | P29: =$H29 -> 2.6 | Q29: =$H29 -> 2.6 | R29: =$H29 -> 2.6 | S29: =$H29 -> 2.6 | ... AO29: =$H29 -> 2.6
